gene_set,gene_symbol,pathway_level,regulatory_role,cell_type,pmids,reference_gene_set
IMMPRINT_ANGIOGENESIS,VEGFA,3,none,pan,2479986,HALLMARK_ANGIOGENESIS
IMMPRINT_ANGIOGENESIS,VEGFB,3,none,pan,8637916,GOBP_SPROUTING_ANGIOGENESIS
IMMPRINT_ANGIOGENESIS,VEGFC,3,none,pan,8617204,GOBP_SPROUTING_ANGIOGENESIS
IMMPRINT_ANGIOGENESIS,PGF,3,none,pan,1924389,GOBP_SPROUTING_ANGIOGENESIS
IMMPRINT_ANGIOGENESIS,FLT1,1,none,pan,7596436,GOBP_SPROUTING_ANGIOGENESIS
IMMPRINT_ANGIOGENESIS,KDR,1,none,pan,1417831,GOBP_SPROUTING_ANGIOGENESIS
IMMPRINT_ANGIOGENESIS,FLT4,1,none,pan,10856194,GOBP_SPROUTING_ANGIOGENESIS
IMMPRINT_ANGIOGENESIS,NRP1,1,none,pan,9529250,HALLMARK_ANGIOGENESIS
IMMPRINT_ANGIOGENESIS,ANGPT1,3,none,pan,8980223,GOBP_SPROUTING_ANGIOGENESIS
IMMPRINT_ANGIOGENESIS,ANGPT2,3,context_dependent,pan,9204896,GOBP_ENDOTHELIAL_CELL_MIGRATION
IMMPRINT_ANGIOGENESIS,TEK,1,none,pan,8980225,GOBP_SPROUTING_ANGIOGENESIS
IMMPRINT_ANGIOGENESIS,TIE1,1,none,pan,1312667,
IMMPRINT_ANGIOGENESIS,CDH5,3,none,pan,7627717,GOBP_SPROUTING_ANGIOGENESIS
IMMPRINT_ANGIOGENESIS,PECAM1,3,none,pan,9284815,GOBP_ENDOTHELIAL_CELL_MIGRATION
IMMPRINT_ANGIOGENESIS,HIF1A,2,none,pan,8756616,GOBP_ENDOTHELIAL_CELL_MIGRATION
IMMPRINT_ANGIOGENESIS,EPAS1,2,none,pan,9000051,
IMMPRINT_ANGIOGENESIS,FGF2,3,none,pan,3780670,GOBP_SPROUTING_ANGIOGENESIS
IMMPRINT_ANGIOGENESIS,DLL4,3,inhibitory,pan,10837024,GOBP_SPROUTING_ANGIOGENESIS
IMMPRINT_APOPTOSIS_EXTRINSIC,FAS,1,none,pan,1713127,REACTOME_DEATH_RECEPTOR_SIGNALING
IMMPRINT_APOPTOSIS_EXTRINSIC,TNFRSF10A,1,none,pan,9082980,REACTOME_DEATH_RECEPTOR_SIGNALING
IMMPRINT_APOPTOSIS_EXTRINSIC,TNFRSF10B,1,none,pan,9242611,REACTOME_DEATH_RECEPTOR_SIGNALING
IMMPRINT_APOPTOSIS_EXTRINSIC,TNFRSF1A,1,none,pan,8397073,REACTOME_DEATH_RECEPTOR_SIGNALING
IMMPRINT_APOPTOSIS_EXTRINSIC,FADD,2,none,pan,7538907,REACTOME_DEATH_RECEPTOR_SIGNALING
IMMPRINT_APOPTOSIS_EXTRINSIC,TRADD,2,none,pan,7758105,REACTOME_DEATH_RECEPTOR_SIGNALING
IMMPRINT_APOPTOSIS_EXTRINSIC,CASP8,2,none,pan,8681377,REACTOME_DEATH_RECEPTOR_SIGNALING
IMMPRINT_APOPTOSIS_EXTRINSIC,CASP10,2,none,pan,8755496,REACTOME_DEATH_RECEPTOR_SIGNALING
IMMPRINT_APOPTOSIS_EXTRINSIC,CASP3,3,none,pan,7596430,REACTOME_DEATH_RECEPTOR_SIGNALING
IMMPRINT_APOPTOSIS_EXTRINSIC,CASP6,3,none,pan,7796396,REACTOME_APOPTOSIS
IMMPRINT_APOPTOSIS_EXTRINSIC,CASP7,3,none,pan,8521391,REACTOME_APOPTOSIS
IMMPRINT_APOPTOSIS_EXTRINSIC,BID,2,none,pan,9727492,REACTOME_APOPTOSIS
IMMPRINT_APOPTOSIS_EXTRINSIC,CFLAR,2,inhibitory,pan,9217161,REACTOME_DEATH_RECEPTOR_SIGNALING
IMMPRINT_APOPTOSIS_EXTRINSIC,BIRC2,2,inhibitory,pan,18022362,REACTOME_DEATH_RECEPTOR_SIGNALING
IMMPRINT_APOPTOSIS_EXTRINSIC,BIRC3,2,inhibitory,pan,18022362,REACTOME_DEATH_RECEPTOR_SIGNALING
IMMPRINT_APOPTOSIS_INTRINSIC,BCL2,2,inhibitory,pan,2250705,REACTOME_INTRINSIC_PATHWAY_FOR_APOPTOSIS
IMMPRINT_APOPTOSIS_INTRINSIC,BCL2L1,2,inhibitory,pan,8358789,REACTOME_INTRINSIC_PATHWAY_FOR_APOPTOSIS
IMMPRINT_APOPTOSIS_INTRINSIC,MCL1,2,inhibitory,pan,7682708,GOBP_RELEASE_OF_CYTOCHROME_C_FROM_MITOCHONDRIA
IMMPRINT_APOPTOSIS_INTRINSIC,BCL2L2,2,inhibitory,pan,8761287,GOBP_RELEASE_OF_CYTOCHROME_C_FROM_MITOCHONDRIA
IMMPRINT_APOPTOSIS_INTRINSIC,BAX,2,none,pan,8358790,REACTOME_INTRINSIC_PATHWAY_FOR_APOPTOSIS
IMMPRINT_APOPTOSIS_INTRINSIC,BAK1,2,none,pan,7715730,REACTOME_INTRINSIC_PATHWAY_FOR_APOPTOSIS
IMMPRINT_APOPTOSIS_INTRINSIC,BAD,1,none,pan,7834748,REACTOME_INTRINSIC_PATHWAY_FOR_APOPTOSIS
IMMPRINT_APOPTOSIS_INTRINSIC,BID,1,none,pan,8918887,REACTOME_INTRINSIC_PATHWAY_FOR_APOPTOSIS
IMMPRINT_APOPTOSIS_INTRINSIC,BBC3,1,none,pan,11463392,REACTOME_INTRINSIC_PATHWAY_FOR_APOPTOSIS
IMMPRINT_APOPTOSIS_INTRINSIC,PMAIP1,1,none,pan,10807576,REACTOME_INTRINSIC_PATHWAY_FOR_APOPTOSIS
IMMPRINT_APOPTOSIS_INTRINSIC,BCL2L11,1,none,pan,9430630,REACTOME_INTRINSIC_PATHWAY_FOR_APOPTOSIS
IMMPRINT_APOPTOSIS_INTRINSIC,BMF,1,none,pan,11546872,REACTOME_INTRINSIC_PATHWAY_FOR_APOPTOSIS
IMMPRINT_APOPTOSIS_INTRINSIC,HRK,1,none,pan,9130713,GOBP_RELEASE_OF_CYTOCHROME_C_FROM_MITOCHONDRIA
IMMPRINT_APOPTOSIS_INTRINSIC,BIK,1,none,pan,7478623,GOBP_RELEASE_OF_CYTOCHROME_C_FROM_MITOCHONDRIA
IMMPRINT_APOPTOSIS_INTRINSIC,APAF1,2,none,pan,9267021,REACTOME_INTRINSIC_PATHWAY_FOR_APOPTOSIS
IMMPRINT_APOPTOSIS_INTRINSIC,CYCS,2,none,pan,8689682,REACTOME_INTRINSIC_PATHWAY_FOR_APOPTOSIS
IMMPRINT_APOPTOSIS_INTRINSIC,DIABLO,2,none,pan,10929711,REACTOME_INTRINSIC_PATHWAY_FOR_APOPTOSIS
IMMPRINT_APOPTOSIS_INTRINSIC,CASP9,2,none,pan,9390557,REACTOME_INTRINSIC_PATHWAY_FOR_APOPTOSIS
IMMPRINT_APOPTOSIS_INTRINSIC,CASP3,3,none,pan,7596430,REACTOME_INTRINSIC_PATHWAY_FOR_APOPTOSIS
IMMPRINT_APOPTOSIS_INTRINSIC,CASP7,3,none,pan,8521391,REACTOME_INTRINSIC_PATHWAY_FOR_APOPTOSIS
IMMPRINT_APOPTOSIS_INTRINSIC,XIAP,2,inhibitory,pan,9230442,REACTOME_INTRINSIC_PATHWAY_FOR_APOPTOSIS
IMMPRINT_APOPTOSIS_INTRINSIC,TP53,1,none,pan,7834749,REACTOME_INTRINSIC_PATHWAY_FOR_APOPTOSIS
IMMPRINT_BCR_SIGNALLING,CD79A,1,none,B cell,2463161,REACTOME_SIGNALING_BY_THE_B_CELL_RECEPTOR_BCR
IMMPRINT_BCR_SIGNALLING,CD79B,1,none,B cell,3137575,REACTOME_SIGNALING_BY_THE_B_CELL_RECEPTOR_BCR
IMMPRINT_BCR_SIGNALLING,LYN,2,none,B cell,1702903,REACTOME_SIGNALING_BY_THE_B_CELL_RECEPTOR_BCR
IMMPRINT_BCR_SIGNALLING,SYK,2,none,B cell,33782605,REACTOME_SIGNALING_BY_THE_B_CELL_RECEPTOR_BCR
IMMPRINT_BCR_SIGNALLING,BTK,2,none,B cell,8425221,REACTOME_SIGNALING_BY_THE_B_CELL_RECEPTOR_BCR
IMMPRINT_BCR_SIGNALLING,BLNK,2,none,B cell,9697839,REACTOME_SIGNALING_BY_THE_B_CELL_RECEPTOR_BCR
IMMPRINT_BCR_SIGNALLING,PLCG2,2,none,B cell,22236196,REACTOME_SIGNALING_BY_THE_B_CELL_RECEPTOR_BCR
IMMPRINT_BCR_SIGNALLING,PIK3CD,2,none,B cell,24136356,REACTOME_SIGNALING_BY_THE_B_CELL_RECEPTOR_BCR
IMMPRINT_BCR_SIGNALLING,PIK3R1,2,none,B cell,25133428,REACTOME_SIGNALING_BY_THE_B_CELL_RECEPTOR_BCR
IMMPRINT_BCR_SIGNALLING,AKT1,2,none,B cell,10438924;10521450,
IMMPRINT_BCR_SIGNALLING,CARD11,2,none,B cell,11278692,REACTOME_SIGNALING_BY_THE_B_CELL_RECEPTOR_BCR
IMMPRINT_BCR_SIGNALLING,BCL10,2,none,B cell,25365219,REACTOME_SIGNALING_BY_THE_B_CELL_RECEPTOR_BCR
IMMPRINT_BCR_SIGNALLING,MALT1,2,none,B cell,23727036,REACTOME_SIGNALING_BY_THE_B_CELL_RECEPTOR_BCR
IMMPRINT_BCR_SIGNALLING,NFATC1,2,none,B cell,8202141,REACTOME_SIGNALING_BY_THE_B_CELL_RECEPTOR_BCR
IMMPRINT_BCR_SIGNALLING,NFKB1,2,none,B cell,1992489,REACTOME_SIGNALING_BY_THE_B_CELL_RECEPTOR_BCR
IMMPRINT_BCR_SIGNALLING,RELA,2,none,B cell,2125960,REACTOME_SIGNALING_BY_THE_B_CELL_RECEPTOR_BCR
IMMPRINT_BCR_SIGNALLING,VAV1,2,none,B cell,7700358,REACTOME_SIGNALING_BY_THE_B_CELL_RECEPTOR_BCR
IMMPRINT_CGAS_STING_SIGNALLING,CGAS,1,none,pan,23258413,REACTOME_STING_MEDIATED_INDUCTION_OF_HOST_IMMUNE_RESPONSES
IMMPRINT_CGAS_STING_SIGNALLING,STING1,1,none,pan,18724357,REACTOME_STING_MEDIATED_INDUCTION_OF_HOST_IMMUNE_RESPONSES
IMMPRINT_CGAS_STING_SIGNALLING,TBK1,2,none,pan,22394562,REACTOME_STING_MEDIATED_INDUCTION_OF_HOST_IMMUNE_RESPONSES
IMMPRINT_CGAS_STING_SIGNALLING,IKBKE,2,none,pan,12692549,REACTOME_DDX58_IFIH1_MEDIATED_INDUCTION_OF_INTERFERON_ALPHA_BETA
IMMPRINT_CGAS_STING_SIGNALLING,IRF3,2,none,pan,22394562,REACTOME_STING_MEDIATED_INDUCTION_OF_HOST_IMMUNE_RESPONSES
IMMPRINT_CGAS_STING_SIGNALLING,NFKB1,2,none,pan,24600004,REACTOME_DDX58_IFIH1_MEDIATED_INDUCTION_OF_INTERFERON_ALPHA_BETA
IMMPRINT_CGAS_STING_SIGNALLING,RELA,2,none,pan,24600004,REACTOME_DDX58_IFIH1_MEDIATED_INDUCTION_OF_INTERFERON_ALPHA_BETA
IMMPRINT_CGAS_STING_SIGNALLING,IFNB1,3,none,pan,25029335,REACTOME_DDX58_IFIH1_MEDIATED_INDUCTION_OF_INTERFERON_ALPHA_BETA
IMMPRINT_CGAS_STING_SIGNALLING,TREX1,2,inhibitory,pan,26223655,REACTOME_STING_MEDIATED_INDUCTION_OF_HOST_IMMUNE_RESPONSES
IMMPRINT_CGAS_STING_SIGNALLING,ENPP1,2,inhibitory,pan,25344812;30356045,
IMMPRINT_COMPLEMENT_PRODUCTION,C1QA,1,none,pan,1706597,REACTOME_COMPLEMENT_CASCADE
IMMPRINT_COMPLEMENT_PRODUCTION,C1QB,1,none,pan,1706597,REACTOME_COMPLEMENT_CASCADE
IMMPRINT_COMPLEMENT_PRODUCTION,C1QC,1,none,pan,1706597,REACTOME_COMPLEMENT_CASCADE
IMMPRINT_COMPLEMENT_PRODUCTION,C1R,2,none,pan,10092586,REACTOME_COMPLEMENT_CASCADE
IMMPRINT_COMPLEMENT_PRODUCTION,C1S,2,none,pan,3500856,REACTOME_COMPLEMENT_CASCADE
IMMPRINT_COMPLEMENT_PRODUCTION,C2,2,none,pan,6199794,REACTOME_COMPLEMENT_CASCADE
IMMPRINT_COMPLEMENT_PRODUCTION,C3,3,none,pan,2579379,REACTOME_COMPLEMENT_CASCADE
IMMPRINT_COMPLEMENT_PRODUCTION,C4A,3,none,pan,6546707,REACTOME_COMPLEMENT_CASCADE
IMMPRINT_COMPLEMENT_PRODUCTION,C4B,3,none,pan,6546707,REACTOME_COMPLEMENT_CASCADE
IMMPRINT_COMPLEMENT_PRODUCTION,C5,3,none,pan,1984448,REACTOME_COMPLEMENT_CASCADE
IMMPRINT_COMPLEMENT_PRODUCTION,C6,3,none,pan,2808363,REACTOME_COMPLEMENT_CASCADE
IMMPRINT_COMPLEMENT_PRODUCTION,C7,3,none,pan,3335508,REACTOME_COMPLEMENT_CASCADE
IMMPRINT_COMPLEMENT_PRODUCTION,C8A,3,none,pan,2820471,REACTOME_COMPLEMENT_CASCADE
IMMPRINT_COMPLEMENT_PRODUCTION,C8B,3,none,pan,2820472,REACTOME_COMPLEMENT_CASCADE
IMMPRINT_COMPLEMENT_PRODUCTION,C8G,3,none,pan,3676249,REACTOME_COMPLEMENT_CASCADE
IMMPRINT_COMPLEMENT_PRODUCTION,C9,3,none,pan,6095282,REACTOME_COMPLEMENT_CASCADE
IMMPRINT_COMPLEMENT_PRODUCTION,CFB,2,none,pan,6957884,REACTOME_COMPLEMENT_CASCADE
IMMPRINT_COMPLEMENT_PRODUCTION,CFD,2,none,pan,1374388,REACTOME_COMPLEMENT_CASCADE
IMMPRINT_COMPLEMENT_PRODUCTION,MBL2,1,none,pan,2477486,REACTOME_COMPLEMENT_CASCADE
IMMPRINT_COMPLEMENT_PRODUCTION,MASP1,2,none,pan,1460414,REACTOME_COMPLEMENT_CASCADE
IMMPRINT_COMPLEMENT_PRODUCTION,MASP2,2,none,pan,9087411,REACTOME_COMPLEMENT_CASCADE
IMMPRINT_COMPLEMENT_PRODUCTION,FCN1,1,none,pan,8573080,REACTOME_COMPLEMENT_CASCADE
IMMPRINT_COMPLEMENT_PRODUCTION,CFP,2,none,pan,2009915,REACTOME_COMPLEMENT_CASCADE
IMMPRINT_CTLA4_SIGNALLING,CTLA4,1,none,T cell,7882171,REACTOME_CO_INHIBITION_BY_CTLA4
IMMPRINT_CTLA4_SIGNALLING,PPP2CA,2,none,T cell,11021529,REACTOME_CO_INHIBITION_BY_CTLA4
IMMPRINT_CTLA4_SIGNALLING,PPP2R1A,2,none,T cell,11021529,REACTOME_CO_INHIBITION_BY_CTLA4
IMMPRINT_CTLA4_SIGNALLING,PTPN11,2,none,T cell,8638161,REACTOME_CO_INHIBITION_BY_CTLA4
IMMPRINT_CTLA4_SIGNALLING,PTPN6,2,none,T cell,23601194,REACTOME_REGULATION_OF_T_CELL_ACTIVATION_BY_CD28_FAMILY
IMMPRINT_CTLA4_SIGNALLING,CD28,1,none,T cell,7534620,REACTOME_REGULATION_OF_T_CELL_ACTIVATION_BY_CD28_FAMILY
IMMPRINT_CTLA4_SIGNALLING,AKT1,2,none,T cell,16227604,REACTOME_CO_INHIBITION_BY_CTLA4
IMMPRINT_CTLA4_SIGNALLING,AP2M1,2,none,T cell,9256472;9175836,
IMMPRINT_CYTOLYTIC_ACTIVITY,PRF1,3,none,T cell; NK cell,10583959,GOBP_CELL_KILLING
IMMPRINT_CYTOLYTIC_ACTIVITY,GZMA,3,none,T cell; NK cell,3257574,GOBP_CELL_KILLING
IMMPRINT_CYTOLYTIC_ACTIVITY,GZMB,3,none,T cell; NK cell,3261871,GOBP_NATURAL_KILLER_CELL_MEDIATED_IMMUNITY
IMMPRINT_CYTOLYTIC_ACTIVITY,GZMH,3,none,T cell; NK cell,2049336,GOBP_CELL_KILLING
IMMPRINT_CYTOLYTIC_ACTIVITY,GZMM,3,none,T cell; NK cell,7713495,GOBP_CELL_KILLING
IMMPRINT_CYTOLYTIC_ACTIVITY,GNLY,3,none,T cell; NK cell,2434598,GOBP_CELL_KILLING
IMMPRINT_CYTOLYTIC_ACTIVITY,NKG7,2,none,T cell; NK cell,32839608,GOBP_NATURAL_KILLER_CELL_MEDIATED_IMMUNITY
IMMPRINT_CYTOLYTIC_ACTIVITY,KLRK1,1,none,T cell; NK cell,10426993,GOBP_NATURAL_KILLER_CELL_MEDIATED_IMMUNITY
IMMPRINT_CYTOLYTIC_ACTIVITY,KLRD1,1,none,T cell; NK cell,8943374,GOBP_NATURAL_KILLER_CELL_MEDIATED_IMMUNITY
IMMPRINT_CYTOLYTIC_ACTIVITY,KLRC2,1,none,T cell; NK cell,2007850,GOBP_NATURAL_KILLER_CELL_MEDIATED_IMMUNITY
IMMPRINT_CYTOLYTIC_ACTIVITY,CTSW,3,none,T cell; NK cell,11490002;9108299,
IMMPRINT_CYTOLYTIC_ACTIVITY,UNC13D,2,none,T cell; NK cell,14622600,GOBP_NATURAL_KILLER_CELL_MEDIATED_IMMUNITY
IMMPRINT_CYTOLYTIC_ACTIVITY,STXBP2,2,none,T cell; NK cell,19804848,GOBP_CELL_KILLING
IMMPRINT_CYTOLYTIC_ACTIVITY,RAB27A,2,none,T cell; NK cell,10835631,GOBP_NATURAL_KILLER_CELL_MEDIATED_IMMUNITY
IMMPRINT_CYTOLYTIC_ACTIVITY,LAMP1,2,none,T cell; NK cell,14580882,GOBP_NATURAL_KILLER_CELL_MEDIATED_IMMUNITY
IMMPRINT_FATTY_ACID_OXIDATION,CPT1A,1,none,pan,7892212,GOBP_FATTY_ACID_BETA_OXIDATION
IMMPRINT_FATTY_ACID_OXIDATION,CPT2,1,none,pan,1988962,GOBP_FATTY_ACID_BETA_OXIDATION
IMMPRINT_FATTY_ACID_OXIDATION,CRAT,1,none,pan,7829107,GOBP_FATTY_ACID_BETA_OXIDATION
IMMPRINT_FATTY_ACID_OXIDATION,SLC25A20,1,none,pan,9399886,REACTOME_FATTY_ACID_METABOLISM
IMMPRINT_FATTY_ACID_OXIDATION,SLC22A5,1,none,pan,9685390,REACTOME_FATTY_ACID_METABOLISM
IMMPRINT_FATTY_ACID_OXIDATION,ACADM,2,none,pan,3035565,REACTOME_MITOCHONDRIAL_FATTY_ACID_BETA_OXIDATION
IMMPRINT_FATTY_ACID_OXIDATION,ACADL,2,none,pan,1774065,REACTOME_MITOCHONDRIAL_FATTY_ACID_BETA_OXIDATION
IMMPRINT_FATTY_ACID_OXIDATION,ACADVL,2,none,pan,7668252,REACTOME_MITOCHONDRIAL_FATTY_ACID_BETA_OXIDATION
IMMPRINT_FATTY_ACID_OXIDATION,ACADS,2,none,pan,2565344,REACTOME_MITOCHONDRIAL_FATTY_ACID_BETA_OXIDATION
IMMPRINT_FATTY_ACID_OXIDATION,HADHA,2,none,pan,8135828,REACTOME_MITOCHONDRIAL_FATTY_ACID_BETA_OXIDATION
IMMPRINT_FATTY_ACID_OXIDATION,HADHB,2,none,pan,8135828,REACTOME_MITOCHONDRIAL_FATTY_ACID_BETA_OXIDATION
IMMPRINT_FATTY_ACID_OXIDATION,HADH,2,none,pan,8687463,REACTOME_MITOCHONDRIAL_FATTY_ACID_BETA_OXIDATION
IMMPRINT_FATTY_ACID_OXIDATION,ECHS1,2,none,pan,9073515,REACTOME_MITOCHONDRIAL_FATTY_ACID_BETA_OXIDATION
IMMPRINT_FATTY_ACID_OXIDATION,ACAA2,2,none,pan,8241273,REACTOME_MITOCHONDRIAL_FATTY_ACID_BETA_OXIDATION
IMMPRINT_FATTY_ACID_OXIDATION,ETFA,3,none,pan,3170610,GOBP_FATTY_ACID_BETA_OXIDATION
IMMPRINT_FATTY_ACID_OXIDATION,ETFB,3,none,pan,8504797,GOBP_FATTY_ACID_BETA_OXIDATION
IMMPRINT_FATTY_ACID_OXIDATION,PPARA,2,none,pan,10377439,GOBP_FATTY_ACID_BETA_OXIDATION
IMMPRINT_GLYCOLYSIS,SLC2A1,1,none,pan,3839598,GOBP_MONOSACCHARIDE_METABOLIC_PROCESS
IMMPRINT_GLYCOLYSIS,SLC2A3,1,none,pan,3170580,GOBP_MONOSACCHARIDE_METABOLIC_PROCESS
IMMPRINT_GLYCOLYSIS,HK1,2,none,pan,3207429,GOBP_PYRUVATE_METABOLIC_PROCESS
IMMPRINT_GLYCOLYSIS,HK2,2,none,pan,8250948,HALLMARK_GLYCOLYSIS
IMMPRINT_GLYCOLYSIS,GPI,2,none,pan,8575767,GOBP_PYRUVATE_METABOLIC_PROCESS
IMMPRINT_GLYCOLYSIS,PFKL,2,none,pan,2533063,GOBP_PYRUVATE_METABOLIC_PROCESS
IMMPRINT_GLYCOLYSIS,PFKM,2,none,pan,2822475,GOBP_PYRUVATE_METABOLIC_PROCESS
IMMPRINT_GLYCOLYSIS,PFKP,2,none,pan,8117307,HALLMARK_GLYCOLYSIS
IMMPRINT_GLYCOLYSIS,ALDOA,2,none,pan,3840020,HALLMARK_GLYCOLYSIS
IMMPRINT_GLYCOLYSIS,PGK1,2,none,pan,6188151,HALLMARK_GLYCOLYSIS
IMMPRINT_GLYCOLYSIS,PGAM1,2,none,pan,2846553,HALLMARK_GLYCOLYSIS
IMMPRINT_GLYCOLYSIS,ENO1,2,none,pan,3529090,HALLMARK_GLYCOLYSIS
IMMPRINT_GLYCOLYSIS,PKM,2,none,pan,2854097,HALLMARK_GLYCOLYSIS
IMMPRINT_GLYCOLYSIS,LDHA,3,none,pan,3838278,HALLMARK_GLYCOLYSIS
IMMPRINT_GLYCOLYSIS,LDHB,3,none,pan,2930497,GOBP_PYRUVATE_METABOLIC_PROCESS
IMMPRINT_GLYCOLYSIS,SLC16A1,1,none,pan,36104287,GOBP_PYRUVATE_METABOLIC_PROCESS
IMMPRINT_GLYCOLYSIS,SLC16A3,1,none,pan,36104287,HALLMARK_GLYCOLYSIS
IMMPRINT_GLYCOLYSIS,PDK1,2,none,pan,7499431,GOBP_PYRUVATE_METABOLIC_PROCESS
IMMPRINT_GLYCOLYSIS,HIF1A,2,none,pan,8089148,GOBP_PYRUVATE_METABOLIC_PROCESS
IMMPRINT_IFNA_IFNB_SIGNALLING,IFNAR1,1,none,pan,2153461,REACTOME_INTERFERON_ALPHA_BETA_SIGNALING
IMMPRINT_IFNA_IFNB_SIGNALLING,IFNAR2,1,none,pan,8181059,REACTOME_INTERFERON_ALPHA_BETA_SIGNALING
IMMPRINT_IFNA_IFNB_SIGNALLING,JAK1,2,none,pan,8232552,REACTOME_INTERFERON_ALPHA_BETA_SIGNALING
IMMPRINT_IFNA_IFNB_SIGNALLING,TYK2,2,none,pan,1386289,REACTOME_INTERFERON_ALPHA_BETA_SIGNALING
IMMPRINT_IFNA_IFNB_SIGNALLING,STAT1,2,none,pan,1496401,REACTOME_INTERFERON_ALPHA_BETA_SIGNALING
IMMPRINT_IFNA_IFNB_SIGNALLING,STAT2,2,none,pan,1502204,REACTOME_INTERFERON_ALPHA_BETA_SIGNALING
IMMPRINT_IFNA_IFNB_SIGNALLING,IRF9,2,none,pan,1630447,REACTOME_INTERFERON_ALPHA_BETA_SIGNALING
IMMPRINT_IFNA_IFNB_SIGNALLING,IRF7,2,activating,pan,9315633,REACTOME_INTERFERON_ALPHA_BETA_SIGNALING
IMMPRINT_IFNA_IFNB_SIGNALLING,ISG15,3,none,pan,3087979,REACTOME_INTERFERON_ALPHA_BETA_SIGNALING
IMMPRINT_IFNA_IFNB_SIGNALLING,MX1,3,none,pan,2481229,REACTOME_INTERFERON_ALPHA_BETA_SIGNALING
IMMPRINT_IFNA_IFNB_SIGNALLING,MX2,3,none,pan,2481229,REACTOME_INTERFERON_ALPHA_BETA_SIGNALING
IMMPRINT_IFNA_IFNB_SIGNALLING,OAS1,3,none,pan,2411547,REACTOME_INTERFERON_ALPHA_BETA_SIGNALING
IMMPRINT_IFNA_IFNB_SIGNALLING,OAS2,3,none,pan,1577824,REACTOME_INTERFERON_ALPHA_BETA_SIGNALING
IMMPRINT_IFNA_IFNB_SIGNALLING,OASL,3,none,pan,9826176,REACTOME_INTERFERON_ALPHA_BETA_SIGNALING
IMMPRINT_IFNA_IFNB_SIGNALLING,IFIT1,3,none,pan,3360121,REACTOME_INTERFERON_ALPHA_BETA_SIGNALING
IMMPRINT_IFNA_IFNB_SIGNALLING,IFIT3,3,none,pan,9391139,REACTOME_INTERFERON_ALPHA_BETA_SIGNALING
IMMPRINT_IFNA_IFNB_SIGNALLING,RSAD2,3,none,pan,11752458,REACTOME_INTERFERON_ALPHA_BETA_SIGNALING
IMMPRINT_IFNA_IFNB_SIGNALLING,USP18,2,inhibitory,pan,11788588,REACTOME_INTERFERON_ALPHA_BETA_SIGNALING
IMMPRINT_IFNA_IFNB_SIGNALLING,IFI6,3,none,pan,3359997,REACTOME_INTERFERON_ALPHA_BETA_SIGNALING
IMMPRINT_IFNA_IFNB_SIGNALLING,ISG20,3,none,pan,12594219,REACTOME_INTERFERON_ALPHA_BETA_SIGNALING
IMMPRINT_IFNG_SIGNALLING,IFNGR1,1,none,pan,2971451,REACTOME_INTERFERON_GAMMA_SIGNALING
IMMPRINT_IFNG_SIGNALLING,IFNGR2,1,none,pan,8124717,REACTOME_INTERFERON_GAMMA_SIGNALING
IMMPRINT_IFNG_SIGNALLING,JAK1,2,none,pan,8232552,REACTOME_INTERFERON_GAMMA_SIGNALING
IMMPRINT_IFNG_SIGNALLING,JAK2,2,none,pan,7901766,REACTOME_INTERFERON_GAMMA_SIGNALING
IMMPRINT_IFNG_SIGNALLING,STAT1,2,none,pan,1281555,REACTOME_INTERFERON_GAMMA_SIGNALING
IMMPRINT_IFNG_SIGNALLING,IRF1,2,none,pan,9202213,REACTOME_INTERFERON_GAMMA_SIGNALING
IMMPRINT_IFNG_SIGNALLING,SOCS1,2,inhibitory,pan,9857039,REACTOME_INTERFERON_GAMMA_SIGNALING
IMMPRINT_IFNG_SIGNALLING,PTPN11,2,context_dependent,pan,10022928,REACTOME_INTERFERON_GAMMA_SIGNALING
IMMPRINT_IFNG_SIGNALLING,CIITA,2,none,pan,8016643,REACTOME_INTERFERON_GAMMA_SIGNALING
IMMPRINT_IFNG_SIGNALLING,IRF8,2,none,pan,2111015,REACTOME_INTERFERON_GAMMA_SIGNALING
IMMPRINT_IFNG_SIGNALLING,CXCL9,3,none,pan,7595201,HALLMARK_INTERFERON_GAMMA_RESPONSE
IMMPRINT_IFNG_SIGNALLING,CXCL10,3,none,pan,3925348,HALLMARK_INTERFERON_GAMMA_RESPONSE
IMMPRINT_IFNG_SIGNALLING,CXCL11,3,none,pan,9625760,HALLMARK_INTERFERON_GAMMA_RESPONSE
IMMPRINT_IFNG_SIGNALLING,GBP1,3,none,pan,10970849,REACTOME_INTERFERON_GAMMA_SIGNALING
IMMPRINT_IFNG_SIGNALLING,GBP2,3,none,pan,8706832,REACTOME_INTERFERON_GAMMA_SIGNALING
IMMPRINT_IFNG_SIGNALLING,IDO1,3,none,pan,8188349,HALLMARK_INTERFERON_GAMMA_RESPONSE
IMMPRINT_IL10_SIGNALLING,IL10RA,1,none,pan,19890111,REACTOME_INTERLEUKIN_10_SIGNALING
IMMPRINT_IL10_SIGNALLING,IL10RB,1,none,pan,19890111,REACTOME_INTERLEUKIN_10_SIGNALING
IMMPRINT_IL10_SIGNALLING,JAK1,2,none,pan,7543512,REACTOME_INTERLEUKIN_10_SIGNALING
IMMPRINT_IL10_SIGNALLING,TYK2,2,none,pan,7543512,REACTOME_INTERLEUKIN_10_SIGNALING
IMMPRINT_IL10_SIGNALLING,STAT3,2,none,pan,9463379,REACTOME_INTERLEUKIN_10_SIGNALING
IMMPRINT_IL10_SIGNALLING,STAT1,2,none,pan,7543512,HALLMARK_IL6_JAK_STAT3_SIGNALING
IMMPRINT_IL10_SIGNALLING,SOCS3,2,inhibitory,pan,10515892,HALLMARK_IL6_JAK_STAT3_SIGNALING
IMMPRINT_IL10_SIGNALLING,BCL3,2,context_dependent,pan,12907458,
IMMPRINT_IL10_SIGNALLING,HMOX1,3,none,pan,11875494,HALLMARK_IL6_JAK_STAT3_SIGNALING
IMMPRINT_IL10_SIGNALLING,TNIP3,2,none,pan,17485448;18081698,
IMMPRINT_IL10_SIGNALLING,IL1RN,3,none,pan,8163946,REACTOME_INTERLEUKIN_10_SIGNALING
IMMPRINT_IL12_SIGNALLING,IL12RB1,1,none,pan,7911493,REACTOME_INTERLEUKIN_12_SIGNALING
IMMPRINT_IL12_SIGNALLING,IL12RB2,1,none,pan,8943050,REACTOME_INTERLEUKIN_12_SIGNALING
IMMPRINT_IL12_SIGNALLING,JAK2,2,none,pan,7528775,REACTOME_INTERLEUKIN_12_SIGNALING
IMMPRINT_IL12_SIGNALLING,TYK2,2,none,pan,7528775,REACTOME_INTERLEUKIN_12_SIGNALING
IMMPRINT_IL12_SIGNALLING,STAT4,2,none,pan,7638186,REACTOME_INTERLEUKIN_12_SIGNALING
IMMPRINT_IL12_SIGNALLING,STAT3,2,none,pan,7722452,GOBP_T_CELL_DIFFERENTIATION_INVOLVED_IN_IMMUNE_RESPONSE
IMMPRINT_IL12_SIGNALLING,TBX21,2,none,pan,10761931,GOBP_T_CELL_DIFFERENTIATION_INVOLVED_IN_IMMUNE_RESPONSE
IMMPRINT_IL12_SIGNALLING,IFNG,3,none,pan,1672545,REACTOME_INTERLEUKIN_12_SIGNALING
IMMPRINT_IL12_SIGNALLING,IL18R1,1,none,pan,10925275,GOBP_T_CELL_DIFFERENTIATION_INVOLVED_IN_IMMUNE_RESPONSE
IMMPRINT_IL15_SIGNALLING,IL2RB,1,none,T cell; NK cell,8026467,REACTOME_INTERLEUKIN_15_SIGNALING
IMMPRINT_IL15_SIGNALLING,IL2RG,1,none,T cell; NK cell,8026467,REACTOME_INTERLEUKIN_15_SIGNALING
IMMPRINT_IL15_SIGNALLING,JAK1,2,none,T cell; NK cell,7568001,REACTOME_INTERLEUKIN_15_SIGNALING
IMMPRINT_IL15_SIGNALLING,JAK3,2,none,T cell; NK cell,7659163,REACTOME_INTERLEUKIN_15_SIGNALING
IMMPRINT_IL15_SIGNALLING,STAT5A,2,none,T cell; NK cell,7568001,REACTOME_INTERLEUKIN_15_SIGNALING
IMMPRINT_IL15_SIGNALLING,STAT5B,2,none,T cell; NK cell,7568001,REACTOME_INTERLEUKIN_15_SIGNALING
IMMPRINT_IL15_SIGNALLING,BCL2,3,none,T cell; NK cell,8617294,HALLMARK_IL2_STAT5_SIGNALING
IMMPRINT_IL15_SIGNALLING,MCL1,3,none,T cell; NK cell,35351861;9062351,
IMMPRINT_IL15_SIGNALLING,CISH,2,inhibitory,T cell; NK cell,32531207,HALLMARK_IL2_STAT5_SIGNALING
IMMPRINT_IL17_SIGNALLING,IL17RA,1,none,pan,16785495,REACTOME_INTERLEUKIN_17_SIGNALING
IMMPRINT_IL17_SIGNALLING,IL17RC,1,none,pan,16785495,REACTOME_INTERLEUKIN_17_SIGNALING
IMMPRINT_IL17_SIGNALLING,TRAF3IP2,2,none,pan,17035243,GOBP_RESPONSE_TO_TUMOR_NECROSIS_FACTOR
IMMPRINT_IL17_SIGNALLING,TRAF6,2,none,pan,10748240,REACTOME_INTERLEUKIN_17_SIGNALING
IMMPRINT_IL17_SIGNALLING,TRAF2,2,none,pan,21822258,GOBP_RESPONSE_TO_TUMOR_NECROSIS_FACTOR
IMMPRINT_IL17_SIGNALLING,TRAF5,2,none,pan,21822258,GOBP_RESPONSE_TO_TUMOR_NECROSIS_FACTOR
IMMPRINT_IL17_SIGNALLING,NFKBIZ,2,none,pan,18362142;35537286,
IMMPRINT_IL17_SIGNALLING,NFKB1,2,none,pan,10228009,REACTOME_INTERLEUKIN_17_SIGNALING
IMMPRINT_IL17_SIGNALLING,RELA,2,none,pan,10228009,GOBP_RESPONSE_TO_TUMOR_NECROSIS_FACTOR
IMMPRINT_IL17_SIGNALLING,CEBPB,2,none,pan,21085185;16798734,
IMMPRINT_IL17_SIGNALLING,CXCL8,3,none,pan,8676080;21085185,
IMMPRINT_IL17_SIGNALLING,DEFB4A,3,none,pan,21085185;15322213;18684158,
IMMPRINT_IL17_SIGNALLING,S100A9,3,none,pan,21085185;18684158,
IMMPRINT_IL18_SIGNALLING,IL18R1,1,none,pan,9325300,REACTOME_INTERLEUKIN_18_SIGNALING
IMMPRINT_IL18_SIGNALLING,IL18RAP,1,none,pan,9792649,REACTOME_INTERLEUKIN_18_SIGNALING
IMMPRINT_IL18_SIGNALLING,MYD88,2,none,pan,9697844,REACTOME_INTERLEUKIN_1_SIGNALING
IMMPRINT_IL18_SIGNALLING,IRAK1,2,none,pan,10190904,REACTOME_INTERLEUKIN_1_SIGNALING
IMMPRINT_IL18_SIGNALLING,IRAK4,2,none,pan,11960013,REACTOME_INTERLEUKIN_1_SIGNALING
IMMPRINT_IL18_SIGNALLING,TRAF6,2,none,pan,9514903,REACTOME_INTERLEUKIN_1_SIGNALING
IMMPRINT_IL18_SIGNALLING,NFKB1,2,none,pan,10925275,REACTOME_INTERLEUKIN_1_SIGNALING
IMMPRINT_IL18_SIGNALLING,RELA,2,none,pan,10925275,REACTOME_INTERLEUKIN_1_SIGNALING
IMMPRINT_IL18_SIGNALLING,PRKCD,2,none,pan,17530707,
IMMPRINT_IL18_SIGNALLING,IFNG,3,none,pan,8766574,
IMMPRINT_IL1_SIGNALLING,IL1R1,1,none,pan,2530587,REACTOME_INTERLEUKIN_1_SIGNALING
IMMPRINT_IL1_SIGNALLING,IL1RAP,1,none,pan,9371760,REACTOME_INTERLEUKIN_1_SIGNALING
IMMPRINT_IL1_SIGNALLING,MYD88,2,none,pan,9697844,REACTOME_INTERLEUKIN_1_SIGNALING
IMMPRINT_IL1_SIGNALLING,IRAK1,2,none,pan,8599092,REACTOME_INTERLEUKIN_1_SIGNALING
IMMPRINT_IL1_SIGNALLING,IRAK4,2,none,pan,11960013,REACTOME_INTERLEUKIN_1_SIGNALING
IMMPRINT_IL1_SIGNALLING,TRAF6,2,none,pan,8837778,REACTOME_INTERLEUKIN_1_SIGNALING
IMMPRINT_IL1_SIGNALLING,NFKB1,2,none,pan,2494664,REACTOME_INTERLEUKIN_1_SIGNALING
IMMPRINT_IL1_SIGNALLING,RELA,2,none,pan,2494664,REACTOME_INTERLEUKIN_1_SIGNALING
IMMPRINT_IL1_SIGNALLING,CHUK,2,none,pan,9346484,REACTOME_INTERLEUKIN_1_SIGNALING
IMMPRINT_IL1_SIGNALLING,IKBKB,2,none,pan,9346241,REACTOME_INTERLEUKIN_1_SIGNALING
IMMPRINT_IL1_SIGNALLING,IKBKG,2,none,pan,9751060,REACTOME_INTERLEUKIN_1_SIGNALING
IMMPRINT_IL1_SIGNALLING,PTGS2,3,none,pan,1694171;8132748,
IMMPRINT_IL21_SIGNALLING,IL21R,1,none,pan,11081504,REACTOME_INTERLEUKIN_21_SIGNALING
IMMPRINT_IL21_SIGNALLING,IL2RG,1,none,pan,11418623,REACTOME_INTERLEUKIN_21_SIGNALING
IMMPRINT_IL21_SIGNALLING,JAK1,2,none,pan,11418623,REACTOME_INTERLEUKIN_21_SIGNALING
IMMPRINT_IL21_SIGNALLING,JAK3,2,none,pan,7659163,REACTOME_INTERLEUKIN_21_SIGNALING
IMMPRINT_IL21_SIGNALLING,STAT3,2,none,pan,25398835,REACTOME_INTERLEUKIN_21_SIGNALING
IMMPRINT_IL21_SIGNALLING,STAT1,2,none,pan,25398835,REACTOME_INTERLEUKIN_21_SIGNALING
IMMPRINT_IL21_SIGNALLING,STAT5A,2,none,pan,25398835,REACTOME_INTERLEUKIN_21_SIGNALING
IMMPRINT_IL21_SIGNALLING,STAT5B,2,none,pan,25398835,REACTOME_INTERLEUKIN_21_SIGNALING
IMMPRINT_IL21_SIGNALLING,PRDM1,2,none,pan,15494482,GOBP_REGULATION_OF_LYMPHOCYTE_DIFFERENTIATION
IMMPRINT_IL21_SIGNALLING,BCL6,2,none,pan,15494482,GOBP_REGULATION_OF_LYMPHOCYTE_DIFFERENTIATION
IMMPRINT_IL23_SIGNALLING,IL23R,1,none,pan,12023369,REACTOME_INTERLEUKIN_23_SIGNALING
IMMPRINT_IL23_SIGNALLING,IL12RB1,1,none,pan,12023369,REACTOME_INTERLEUKIN_23_SIGNALING
IMMPRINT_IL23_SIGNALLING,JAK2,2,none,pan,12023369,REACTOME_INTERLEUKIN_23_SIGNALING
IMMPRINT_IL23_SIGNALLING,TYK2,2,none,pan,12023369,REACTOME_INTERLEUKIN_23_SIGNALING
IMMPRINT_IL23_SIGNALLING,STAT3,2,none,pan,12023369,REACTOME_INTERLEUKIN_23_SIGNALING
IMMPRINT_IL23_SIGNALLING,STAT4,2,none,pan,12023369,REACTOME_INTERLEUKIN_23_SIGNALING
IMMPRINT_IL23_SIGNALLING,RORC,2,none,pan,18454151,GOBP_T_HELPER_17_TYPE_IMMUNE_RESPONSE
IMMPRINT_IL23_SIGNALLING,RORA,2,none,pan,18164222,GOBP_T_HELPER_17_TYPE_IMMUNE_RESPONSE
IMMPRINT_IL23_SIGNALLING,AHR,2,none,pan,18362914;19114668,
IMMPRINT_IL23_SIGNALLING,BATF,2,none,pan,19578362,GOBP_T_HELPER_17_TYPE_IMMUNE_RESPONSE
IMMPRINT_IL23_SIGNALLING,IL17A,3,none,pan,17676044,GOBP_T_HELPER_17_TYPE_IMMUNE_RESPONSE
IMMPRINT_IL23_SIGNALLING,IL17F,3,none,pan,17676044,GOBP_T_HELPER_17_TYPE_IMMUNE_RESPONSE
IMMPRINT_IL23_SIGNALLING,IL22,3,none,pan,17676044;18978771,
IMMPRINT_IL2_SIGNALLING,IL2RA,1,none,pan,6090948,REACTOME_INTERLEUKIN_2_SIGNALING
IMMPRINT_IL2_SIGNALLING,IL2RB,1,none,pan,2785715,REACTOME_INTERLEUKIN_2_SIGNALING
IMMPRINT_IL2_SIGNALLING,IL2RG,1,none,pan,1631559,REACTOME_INTERLEUKIN_2_SIGNALING
IMMPRINT_IL2_SIGNALLING,JAK1,2,none,pan,7973659,REACTOME_INTERLEUKIN_2_SIGNALING
IMMPRINT_IL2_SIGNALLING,JAK3,2,none,pan,7659163,REACTOME_INTERLEUKIN_2_SIGNALING
IMMPRINT_IL2_SIGNALLING,STAT5A,2,none,pan,7719938,REACTOME_INTERLEUKIN_2_SIGNALING
IMMPRINT_IL2_SIGNALLING,STAT5B,2,none,pan,7719938,REACTOME_INTERLEUKIN_2_SIGNALING
IMMPRINT_IL2_SIGNALLING,PIK3R1,2,none,pan,1713578,REACTOME_REGULATION_OF_T_CELL_ACTIVATION_BY_CD28_FAMILY
IMMPRINT_IL2_SIGNALLING,AKT1,2,none,pan,9390691,REACTOME_REGULATION_OF_T_CELL_ACTIVATION_BY_CD28_FAMILY
IMMPRINT_IL2_SIGNALLING,MTOR,2,none,pan,10373522,REACTOME_REGULATION_OF_T_CELL_ACTIVATION_BY_CD28_FAMILY
IMMPRINT_IL2_SIGNALLING,CISH,2,inhibitory,pan,10514520,HALLMARK_IL2_STAT5_SIGNALING
IMMPRINT_IL2_SIGNALLING,SOCS3,2,inhibitory,pan,10373548;16199887,
IMMPRINT_IL2_SIGNALLING,BCL2,3,none,pan,8617294,HALLMARK_IL2_STAT5_SIGNALING
IMMPRINT_IL4_IL13_SIGNALLING,IL4R,1,none,pan,2307934,REACTOME_INTERLEUKIN_4_AND_INTERLEUKIN_13_SIGNALING
IMMPRINT_IL4_IL13_SIGNALLING,IL13RA1,1,none,pan,8910586,REACTOME_INTERLEUKIN_4_AND_INTERLEUKIN_13_SIGNALING
IMMPRINT_IL4_IL13_SIGNALLING,IL13RA2,1,inhibitory,pan,8663118,REACTOME_INTERLEUKIN_4_AND_INTERLEUKIN_13_SIGNALING
IMMPRINT_IL4_IL13_SIGNALLING,IL2RG,1,none,pan,8266078,REACTOME_INTERLEUKIN_4_AND_INTERLEUKIN_13_SIGNALING
IMMPRINT_IL4_IL13_SIGNALLING,JAK1,2,none,pan,9045682,REACTOME_INTERLEUKIN_4_AND_INTERLEUKIN_13_SIGNALING
IMMPRINT_IL4_IL13_SIGNALLING,JAK2,2,none,pan,9822675,REACTOME_INTERLEUKIN_4_AND_INTERLEUKIN_13_SIGNALING
IMMPRINT_IL4_IL13_SIGNALLING,JAK3,2,none,pan,7659163,REACTOME_INTERLEUKIN_4_AND_INTERLEUKIN_13_SIGNALING
IMMPRINT_IL4_IL13_SIGNALLING,TYK2,2,none,pan,9822675,REACTOME_INTERLEUKIN_4_AND_INTERLEUKIN_13_SIGNALING
IMMPRINT_IL4_IL13_SIGNALLING,STAT6,2,none,pan,8085155,REACTOME_INTERLEUKIN_4_AND_INTERLEUKIN_13_SIGNALING
IMMPRINT_IL4_IL13_SIGNALLING,IRS2,2,none,pan,7499365;7675087,
IMMPRINT_IL4_IL13_SIGNALLING,SOCS1,2,inhibitory,pan,10201892,REACTOME_INTERLEUKIN_4_AND_INTERLEUKIN_13_SIGNALING
IMMPRINT_IL4_IL13_SIGNALLING,CCL26,3,none,Epithelial; Fibroblast; Endothelial,11544308;16084752,
IMMPRINT_IL4_IL13_SIGNALLING,CCL22,3,none,pan,9794440,REACTOME_INTERLEUKIN_4_AND_INTERLEUKIN_13_SIGNALING
IMMPRINT_IL6_SIGNALLING,IL6R,1,none,pan,3136546,REACTOME_INTERLEUKIN_6_SIGNALING
IMMPRINT_IL6_SIGNALLING,IL6ST,1,none,pan,2261637,REACTOME_INTERLEUKIN_6_SIGNALING
IMMPRINT_IL6_SIGNALLING,JAK1,2,none,pan,8272872,REACTOME_INTERLEUKIN_6_SIGNALING
IMMPRINT_IL6_SIGNALLING,JAK2,2,none,pan,8272873,REACTOME_INTERLEUKIN_6_SIGNALING
IMMPRINT_IL6_SIGNALLING,TYK2,2,none,pan,8272873,REACTOME_INTERLEUKIN_6_SIGNALING
IMMPRINT_IL6_SIGNALLING,STAT3,2,none,pan,8140422,REACTOME_INTERLEUKIN_6_SIGNALING
IMMPRINT_IL6_SIGNALLING,STAT1,2,none,pan,11104703,REACTOME_INTERLEUKIN_6_SIGNALING
IMMPRINT_IL6_SIGNALLING,SOCS3,2,inhibitory,pan,12754505,REACTOME_INTERLEUKIN_6_SIGNALING
IMMPRINT_IL6_SIGNALLING,PTPN11,2,context_dependent,pan,10777583,REACTOME_INTERLEUKIN_6_SIGNALING
IMMPRINT_IL6_SIGNALLING,MCL1,3,none,pan,10602002;11175262,
IMMPRINT_IL6_SIGNALLING,CRP,3,none,pan,2472097,GOBP_ACUTE_PHASE_RESPONSE
IMMPRINT_IL6_SIGNALLING,SAA1,3,none,pan,2472097,GOBP_ACUTE_PHASE_RESPONSE
IMMPRINT_IL6_SIGNALLING,FGB,3,none,pan,2472097;8423785,
IMMPRINT_IL7_SIGNALLING,IL7R,1,none,T cell,2317865,REACTOME_INTERLEUKIN_7_SIGNALING
IMMPRINT_IL7_SIGNALLING,IL2RG,1,none,T cell,8462096,REACTOME_INTERLEUKIN_7_SIGNALING
IMMPRINT_IL7_SIGNALLING,JAK1,2,none,T cell,7489741,REACTOME_INTERLEUKIN_7_SIGNALING
IMMPRINT_IL7_SIGNALLING,JAK3,2,none,T cell,7659163,REACTOME_INTERLEUKIN_7_SIGNALING
IMMPRINT_IL7_SIGNALLING,STAT5A,2,none,T cell,7489741,REACTOME_INTERLEUKIN_7_SIGNALING
IMMPRINT_IL7_SIGNALLING,STAT5B,2,none,T cell,7489741,REACTOME_INTERLEUKIN_7_SIGNALING
IMMPRINT_IL7_SIGNALLING,PIK3R1,2,none,T cell,8397227,REACTOME_INTERLEUKIN_7_SIGNALING
IMMPRINT_IL7_SIGNALLING,AKT1,2,none,T cell,18523275,REACTOME_ACTIVATION_OF_BAD_AND_TRANSLOCATION_TO_MITOCHONDRIA
IMMPRINT_IL7_SIGNALLING,BCL2,3,none,T cell,20465565,REACTOME_ACTIVATION_OF_BAD_AND_TRANSLOCATION_TO_MITOCHONDRIA
IMMPRINT_IL7_SIGNALLING,MCL1,3,none,T cell,20465565,
IMMPRINT_MHC_CLASS_I,HLA-A,3,none,pan,3309677,REACTOME_ANTIGEN_PRESENTATION_FOLDING_ASSEMBLY_AND_PEPTIDE_LOADING_OF_CLASS_I_MHC
IMMPRINT_MHC_CLASS_I,HLA-B,3,none,pan,1922337,REACTOME_ANTIGEN_PRESENTATION_FOLDING_ASSEMBLY_AND_PEPTIDE_LOADING_OF_CLASS_I_MHC
IMMPRINT_MHC_CLASS_I,HLA-C,3,none,pan,6609813,REACTOME_ANTIGEN_PRESENTATION_FOLDING_ASSEMBLY_AND_PEPTIDE_LOADING_OF_CLASS_I_MHC
IMMPRINT_MHC_CLASS_I,HLA-E,3,none,pan,3260916,REACTOME_ANTIGEN_PRESENTATION_FOLDING_ASSEMBLY_AND_PEPTIDE_LOADING_OF_CLASS_I_MHC
IMMPRINT_MHC_CLASS_I,HLA-F,3,none,pan,1688605,REACTOME_ANTIGEN_PRESENTATION_FOLDING_ASSEMBLY_AND_PEPTIDE_LOADING_OF_CLASS_I_MHC
IMMPRINT_MHC_CLASS_I,HLA-G,3,none,pan,3480534,REACTOME_ANTIGEN_PRESENTATION_FOLDING_ASSEMBLY_AND_PEPTIDE_LOADING_OF_CLASS_I_MHC
IMMPRINT_MHC_CLASS_I,B2M,3,none,pan,25702838,REACTOME_ANTIGEN_PRESENTATION_FOLDING_ASSEMBLY_AND_PEPTIDE_LOADING_OF_CLASS_I_MHC
IMMPRINT_MHC_CLASS_I,TAP1,2,none,pan,2259384,REACTOME_ANTIGEN_PRESENTATION_FOLDING_ASSEMBLY_AND_PEPTIDE_LOADING_OF_CLASS_I_MHC
IMMPRINT_MHC_CLASS_I,TAP2,2,none,pan,1538751,REACTOME_ANTIGEN_PRESENTATION_FOLDING_ASSEMBLY_AND_PEPTIDE_LOADING_OF_CLASS_I_MHC
IMMPRINT_MHC_CLASS_I,TAPBP,2,none,pan,8769474,REACTOME_ANTIGEN_PRESENTATION_FOLDING_ASSEMBLY_AND_PEPTIDE_LOADING_OF_CLASS_I_MHC
IMMPRINT_MHC_CLASS_I,CALR,2,none,pan,8769474,REACTOME_ANTIGEN_PRESENTATION_FOLDING_ASSEMBLY_AND_PEPTIDE_LOADING_OF_CLASS_I_MHC
IMMPRINT_MHC_CLASS_I,CANX,2,none,pan,8278813,REACTOME_ANTIGEN_PRESENTATION_FOLDING_ASSEMBLY_AND_PEPTIDE_LOADING_OF_CLASS_I_MHC
IMMPRINT_MHC_CLASS_I,PDIA3,2,none,pan,9637923,REACTOME_ANTIGEN_PRESENTATION_FOLDING_ASSEMBLY_AND_PEPTIDE_LOADING_OF_CLASS_I_MHC
IMMPRINT_MHC_CLASS_I,PSMB8,2,none,pan,21881205,HALLMARK_INTERFERON_GAMMA_RESPONSE
IMMPRINT_MHC_CLASS_I,PSMB9,2,none,pan,1922342,HALLMARK_INTERFERON_GAMMA_RESPONSE
IMMPRINT_MHC_CLASS_I,PSMB10,2,none,pan,8786291,HALLMARK_INTERFERON_GAMMA_RESPONSE
IMMPRINT_MHC_CLASS_I,ERAP1,2,none,pan,12436109,REACTOME_ANTIGEN_PRESENTATION_FOLDING_ASSEMBLY_AND_PEPTIDE_LOADING_OF_CLASS_I_MHC
IMMPRINT_MHC_CLASS_I,NLRC5,1,none,pan,20639463,HALLMARK_INTERFERON_GAMMA_RESPONSE
IMMPRINT_MHC_CLASS_II,HLA-DRA,3,none,pan,8316295,REACTOME_MHC_CLASS_II_ANTIGEN_PRESENTATION
IMMPRINT_MHC_CLASS_II,HLA-DRB1,3,none,pan,8316295,REACTOME_MHC_CLASS_II_ANTIGEN_PRESENTATION
IMMPRINT_MHC_CLASS_II,HLA-DQA1,3,none,pan,15020763,REACTOME_MHC_CLASS_II_ANTIGEN_PRESENTATION
IMMPRINT_MHC_CLASS_II,HLA-DQB1,3,none,pan,15020763,REACTOME_MHC_CLASS_II_ANTIGEN_PRESENTATION
IMMPRINT_MHC_CLASS_II,HLA-DPA1,3,none,pan,20356827,REACTOME_MHC_CLASS_II_ANTIGEN_PRESENTATION
IMMPRINT_MHC_CLASS_II,HLA-DPB1,3,none,pan,20356827,REACTOME_MHC_CLASS_II_ANTIGEN_PRESENTATION
IMMPRINT_MHC_CLASS_II,HLA-DMA,2,none,pan,8139690,REACTOME_MHC_CLASS_II_ANTIGEN_PRESENTATION
IMMPRINT_MHC_CLASS_II,HLA-DMB,2,none,pan,8139690,REACTOME_MHC_CLASS_II_ANTIGEN_PRESENTATION
IMMPRINT_MHC_CLASS_II,HLA-DOA,2,none,pan,9311912,REACTOME_MHC_CLASS_II_ANTIGEN_PRESENTATION
IMMPRINT_MHC_CLASS_II,HLA-DOB,2,none,pan,9311912,REACTOME_MHC_CLASS_II_ANTIGEN_PRESENTATION
IMMPRINT_MHC_CLASS_II,CD74,2,none,pan,376435,REACTOME_MHC_CLASS_II_ANTIGEN_PRESENTATION
IMMPRINT_MHC_CLASS_II,CIITA,1,none,pan,8402893,GOBP_MHC_CLASS_II_BIOSYNTHETIC_PROCESS
IMMPRINT_MHC_CLASS_II,RFX5,1,none,pan,7744245,GOBP_MHC_CLASS_II_BIOSYNTHETIC_PROCESS
IMMPRINT_MHC_CLASS_II,RFXAP,1,none,pan,9118943,GOBP_MHC_CLASS_II_BIOSYNTHETIC_PROCESS
IMMPRINT_MHC_CLASS_II,RFXANK,1,none,pan,9806546,GOBP_MHC_CLASS_II_BIOSYNTHETIC_PROCESS
IMMPRINT_NLRP3_INFLAMMASOME,NLRP3,1,none,pan,11687797,REACTOME_THE_NLRP3_INFLAMMASOME
IMMPRINT_NLRP3_INFLAMMASOME,PYCARD,2,none,pan,11967258,REACTOME_THE_NLRP3_INFLAMMASOME
IMMPRINT_NLRP3_INFLAMMASOME,CASP1,2,none,pan,1574116,REACTOME_THE_NLRP3_INFLAMMASOME
IMMPRINT_NLRP3_INFLAMMASOME,CASP4,2,none,pan,25119034,REACTOME_PYROPTOSIS
IMMPRINT_NLRP3_INFLAMMASOME,CASP5,2,none,pan,25119034,REACTOME_PYROPTOSIS
IMMPRINT_NLRP3_INFLAMMASOME,NEK7,2,none,pan,26814970;26553871,
IMMPRINT_NLRP3_INFLAMMASOME,GSDMD,3,none,pan,26375003,REACTOME_PYROPTOSIS
IMMPRINT_NLRP3_INFLAMMASOME,IL1B,3,none,pan,1373520,REACTOME_PYROPTOSIS
IMMPRINT_NLRP3_INFLAMMASOME,IL18,3,none,pan,9121587,REACTOME_PYROPTOSIS
IMMPRINT_NLRP3_INFLAMMASOME,TXNIP,1,none,pan,20023662,REACTOME_THE_NLRP3_INFLAMMASOME
IMMPRINT_NLRP3_INFLAMMASOME,P2RX7,1,none,pan,16547218,REACTOME_THE_NLRP3_INFLAMMASOME
IMMPRINT_NOD_SIGNALLING,NOD1,1,none,pan,10329646,REACTOME_NOD1_2_SIGNALING_PATHWAY
IMMPRINT_NOD_SIGNALLING,NOD2,1,none,pan,11385576,REACTOME_NOD1_2_SIGNALING_PATHWAY
IMMPRINT_NOD_SIGNALLING,RIPK2,2,none,pan,11894098,REACTOME_NOD1_2_SIGNALING_PATHWAY
IMMPRINT_NOD_SIGNALLING,NFKB1,2,none,pan,2203532,GOBP_TUMOR_NECROSIS_FACTOR_MEDIATED_SIGNALING_PATHWAY
IMMPRINT_NOD_SIGNALLING,RELA,2,none,pan,2001591,GOBP_TUMOR_NECROSIS_FACTOR_MEDIATED_SIGNALING_PATHWAY
IMMPRINT_NOD_SIGNALLING,CHUK,2,none,pan,9252186,REACTOME_NOD1_2_SIGNALING_PATHWAY
IMMPRINT_NOD_SIGNALLING,IKBKB,2,none,pan,9346485,REACTOME_NOD1_2_SIGNALING_PATHWAY
IMMPRINT_NOD_SIGNALLING,IKBKG,2,none,pan,9657155,REACTOME_NOD1_2_SIGNALING_PATHWAY
IMMPRINT_NOD_SIGNALLING,XIAP,2,none,pan,19667203,GOBP_TUMOR_NECROSIS_FACTOR_MEDIATED_SIGNALING_PATHWAY
IMMPRINT_NOD_SIGNALLING,BIRC2,2,none,pan,19464198,REACTOME_NOD1_2_SIGNALING_PATHWAY
IMMPRINT_NOD_SIGNALLING,BIRC3,2,none,pan,19464198,REACTOME_NOD1_2_SIGNALING_PATHWAY
IMMPRINT_NOD_SIGNALLING,CXCL8,3,none,pan,15617523,
IMMPRINT_NOD_SIGNALLING,CCL2,3,none,pan,22590599,
IMMPRINT_NOD_SIGNALLING,DEFB4A,3,none,pan,16319062,
IMMPRINT_NOD_SIGNALLING,IL6,3,none,pan,16414084,
IMMPRINT_NOTCH_SIGNALLING,NOTCH1,1,none,pan,1831692,REACTOME_SIGNALING_BY_NOTCH
IMMPRINT_NOTCH_SIGNALLING,NOTCH2,1,none,pan,16773578,REACTOME_SIGNALING_BY_NOTCH
IMMPRINT_NOTCH_SIGNALLING,NOTCH3,1,none,pan,8878478,REACTOME_SIGNALING_BY_NOTCH
IMMPRINT_NOTCH_SIGNALLING,NOTCH4,1,none,pan,8681805,REACTOME_SIGNALING_BY_NOTCH
IMMPRINT_NOTCH_SIGNALLING,RBPJ,2,none,pan,8749394,REACTOME_SIGNALING_BY_NOTCH
IMMPRINT_NOTCH_SIGNALLING,HES1,3,none,pan,7566092,REACTOME_SIGNALING_BY_NOTCH
IMMPRINT_NOTCH_SIGNALLING,HES5,3,none,pan,10205173,REACTOME_SIGNALING_BY_NOTCH
IMMPRINT_NOTCH_SIGNALLING,HEY1,3,none,pan,11095750,REACTOME_SIGNALING_BY_NOTCH
IMMPRINT_NOTCH_SIGNALLING,HEY2,3,none,pan,11095750,REACTOME_SIGNALING_BY_NOTCH
IMMPRINT_NOTCH_SIGNALLING,MAML1,2,none,pan,11101851,REACTOME_SIGNALING_BY_NOTCH
IMMPRINT_NOTCH_SIGNALLING,MAML2,2,none,pan,12370315,REACTOME_SIGNALING_BY_NOTCH
IMMPRINT_NOTCH_SIGNALLING,ADAM10,2,none,pan,19726682,REACTOME_SIGNALING_BY_NOTCH
IMMPRINT_NOTCH_SIGNALLING,ADAM17,2,none,pan,10882063,REACTOME_SIGNALING_BY_NOTCH
IMMPRINT_NOTCH_SIGNALLING,PSEN1,2,none,pan,10206645,REACTOME_SIGNALING_BY_NOTCH
IMMPRINT_NOTCH_SIGNALLING,PSEN2,2,none,pan,10497236,REACTOME_SIGNALING_BY_NOTCH
IMMPRINT_NOTCH_SIGNALLING,NCSTN,2,none,pan,10993067,REACTOME_SIGNALING_BY_NOTCH
IMMPRINT_NOTCH_SIGNALLING,POFUT1,2,none,pan,12697902,REACTOME_SIGNALING_BY_NOTCH
IMMPRINT_NOTCH_SIGNALLING,DTX1,2,context_dependent,pan,9590294,REACTOME_SIGNALING_BY_NOTCH
IMMPRINT_OXIDATIVE_PHOSPHORYLATION,NDUFA9,1,none,pan,28671271,HALLMARK_OXIDATIVE_PHOSPHORYLATION
IMMPRINT_OXIDATIVE_PHOSPHORYLATION,NDUFB8,1,none,pan,29429571,HALLMARK_OXIDATIVE_PHOSPHORYLATION
IMMPRINT_OXIDATIVE_PHOSPHORYLATION,NDUFS1,1,none,pan,11349233,HALLMARK_OXIDATIVE_PHOSPHORYLATION
IMMPRINT_OXIDATIVE_PHOSPHORYLATION,NDUFV1,1,none,pan,10080174,HALLMARK_OXIDATIVE_PHOSPHORYLATION
IMMPRINT_OXIDATIVE_PHOSPHORYLATION,SDHB,1,none,pan,11404820,HALLMARK_OXIDATIVE_PHOSPHORYLATION
IMMPRINT_OXIDATIVE_PHOSPHORYLATION,SDHC,1,none,pan,11062460,HALLMARK_OXIDATIVE_PHOSPHORYLATION
IMMPRINT_OXIDATIVE_PHOSPHORYLATION,SDHD,1,none,pan,10657297,HALLMARK_OXIDATIVE_PHOSPHORYLATION
IMMPRINT_OXIDATIVE_PHOSPHORYLATION,UQCRC1,2,none,pan,8069229,HALLMARK_OXIDATIVE_PHOSPHORYLATION
IMMPRINT_OXIDATIVE_PHOSPHORYLATION,UQCRC2,2,none,pan,23281071,HALLMARK_OXIDATIVE_PHOSPHORYLATION
IMMPRINT_OXIDATIVE_PHOSPHORYLATION,UQCRFS1,2,none,pan,31883641,HALLMARK_OXIDATIVE_PHOSPHORYLATION
IMMPRINT_OXIDATIVE_PHOSPHORYLATION,CYC1,2,none,pan,23910460,HALLMARK_OXIDATIVE_PHOSPHORYLATION
IMMPRINT_OXIDATIVE_PHOSPHORYLATION,COX4I1,2,none,pan,28766551,HALLMARK_OXIDATIVE_PHOSPHORYLATION
IMMPRINT_OXIDATIVE_PHOSPHORYLATION,COX5A,2,none,pan,28247525,HALLMARK_OXIDATIVE_PHOSPHORYLATION
IMMPRINT_OXIDATIVE_PHOSPHORYLATION,COX6A1,2,none,pan,25152455,HALLMARK_OXIDATIVE_PHOSPHORYLATION
IMMPRINT_OXIDATIVE_PHOSPHORYLATION,COX7A2,2,none,pan,2550906,HALLMARK_OXIDATIVE_PHOSPHORYLATION
IMMPRINT_OXIDATIVE_PHOSPHORYLATION,ATP5F1A,3,none,pan,23599390,HALLMARK_OXIDATIVE_PHOSPHORYLATION
IMMPRINT_OXIDATIVE_PHOSPHORYLATION,ATP5F1B,3,none,pan,36860166,HALLMARK_OXIDATIVE_PHOSPHORYLATION
IMMPRINT_OXIDATIVE_PHOSPHORYLATION,ATP5F1C,3,none,pan,8227057,HALLMARK_OXIDATIVE_PHOSPHORYLATION
IMMPRINT_OXIDATIVE_PHOSPHORYLATION,TFAM,2,none,pan,8333869,REACTOME_MITOCHONDRIAL_BIOGENESIS
IMMPRINT_OXIDATIVE_PHOSPHORYLATION,PPARGC1A,2,none,pan,10585775,REACTOME_MITOCHONDRIAL_BIOGENESIS
IMMPRINT_OXIDATIVE_PHOSPHORYLATION,NRF1,2,none,pan,2166701,REACTOME_MITOCHONDRIAL_BIOGENESIS
IMMPRINT_PD1_SIGNALLING,PDCD1,1,none,T cell,1396582,REACTOME_CO_INHIBITION_BY_PD_1
IMMPRINT_PD1_SIGNALLING,PTPN11,2,none,T cell,11698646,REACTOME_CO_INHIBITION_BY_PD_1
IMMPRINT_PD1_SIGNALLING,PTPN6,2,none,T cell,15240681,REACTOME_CO_INHIBITION_BY_PD_1
IMMPRINT_PD1_SIGNALLING,CSK,2,none,T cell,15358536,REACTOME_CO_INHIBITION_BY_PD_1
IMMPRINT_PD1_SIGNALLING,CD28,1,none,T cell,28280247,GOBP_T_CELL_RECEPTOR_SIGNALING_PATHWAY
IMMPRINT_PD1_SIGNALLING,ZAP70,2,none,T cell,15358536,GOBP_T_CELL_RECEPTOR_SIGNALING_PATHWAY
IMMPRINT_PD1_SIGNALLING,CD247,2,none,T cell,15358536,REACTOME_CO_INHIBITION_BY_PD_1
IMMPRINT_PD1_SIGNALLING,PIK3CD,2,none,T cell,16227604,GOBP_T_CELL_RECEPTOR_SIGNALING_PATHWAY
IMMPRINT_PROLIFERATION,MKI67,3,none,pan,6339421,HALLMARK_E2F_TARGETS
IMMPRINT_PROLIFERATION,PCNA,2,none,pan,102692,HALLMARK_E2F_TARGETS
IMMPRINT_PROLIFERATION,MCM2,2,none,pan,7790346,HALLMARK_E2F_TARGETS
IMMPRINT_PROLIFERATION,MCM3,2,none,pan,8838654,HALLMARK_E2F_TARGETS
IMMPRINT_PROLIFERATION,MCM5,2,none,pan,8838654,HALLMARK_E2F_TARGETS
IMMPRINT_PROLIFERATION,MCM6,2,none,pan,9305914,HALLMARK_E2F_TARGETS
IMMPRINT_PROLIFERATION,TOP2A,3,none,pan,8657123,HALLMARK_E2F_TARGETS
IMMPRINT_PROLIFERATION,MYC,1,none,pan,6961453,HALLMARK_E2F_TARGETS
IMMPRINT_PROLIFERATION,CCNA2,2,none,pan,2143810,REACTOME_MITOTIC_G2_G2_M_PHASES
IMMPRINT_PROLIFERATION,CCNB1,2,none,pan,2570636,REACTOME_MITOTIC_G2_G2_M_PHASES
IMMPRINT_PROLIFERATION,CCND1,2,none,pan,8491378,REACTOME_MITOTIC_G1_PHASE_AND_G1_S_TRANSITION
IMMPRINT_PROLIFERATION,CCNE1,2,none,pan,1388288,HALLMARK_E2F_TARGETS
IMMPRINT_PROLIFERATION,CDK4,2,none,pan,1423597,HALLMARK_E2F_TARGETS
IMMPRINT_PROLIFERATION,CDK6,2,none,pan,8114739,REACTOME_MITOTIC_G1_PHASE_AND_G1_S_TRANSITION
IMMPRINT_PROLIFERATION,FOXM1,1,none,pan,9441747,REACTOME_MITOTIC_G2_G2_M_PHASES
IMMPRINT_PROLIFERATION,E2F1,1,none,pan,1638634,REACTOME_MITOTIC_G2_G2_M_PHASES
IMMPRINT_PROLIFERATION,AURKB,2,none,pan,12925766,HALLMARK_E2F_TARGETS
IMMPRINT_PROLIFERATION,BUB1,2,none,pan,9182760;9521327,
IMMPRINT_PROLIFERATION,TYMS,3,none,pan,2987839,REACTOME_MITOTIC_G1_PHASE_AND_G1_S_TRANSITION
IMMPRINT_PROLIFERATION,RRM2,3,none,pan,11978970,HALLMARK_E2F_TARGETS
IMMPRINT_PROLIFERATION,CDK1,2,none,pan,3553962,HALLMARK_E2F_TARGETS
IMMPRINT_PROLIFERATION,CDK2,2,none,pan,1653904,REACTOME_MITOTIC_G2_G2_M_PHASES
IMMPRINT_PROLIFERATION,CCNB2,2,none,pan,7737117,HALLMARK_E2F_TARGETS
IMMPRINT_PROLIFERATION,PLK1,2,none,pan,7790358,HALLMARK_E2F_TARGETS
IMMPRINT_PROLIFERATION,CDC20,2,none,pan,9734353,HALLMARK_E2F_TARGETS
IMMPRINT_PROLIFERATION,AURKA,2,none,pan,9606188,HALLMARK_E2F_TARGETS
IMMPRINT_PROLIFERATION,TUBA1B,3,none,pan,12058064,REACTOME_MITOTIC_G2_G2_M_PHASES
IMMPRINT_PROLIFERATION,TUBB4B,3,none,pan,12058064,REACTOME_MITOTIC_G2_G2_M_PHASES
IMMPRINT_REGULATORY_RESPONSE,FOXP3,2,none,pan,11137993,GOBP_REGULATORY_T_CELL_DIFFERENTIATION
IMMPRINT_REGULATORY_RESPONSE,IKZF2,2,none,pan,20181882,HALLMARK_IL2_STAT5_SIGNALING
IMMPRINT_REGULATORY_RESPONSE,IKZF4,2,none,pan,19696312,HALLMARK_IL2_STAT5_SIGNALING
IMMPRINT_REGULATORY_RESPONSE,IL2RA,1,none,pan,17196245,HALLMARK_IL2_STAT5_SIGNALING
IMMPRINT_REGULATORY_RESPONSE,CTLA4,1,none,pan,25213377,GOBP_REGULATORY_T_CELL_DIFFERENTIATION
IMMPRINT_REGULATORY_RESPONSE,IL10,3,none,pan,2531194,HALLMARK_IL2_STAT5_SIGNALING
IMMPRINT_REGULATORY_RESPONSE,TGFB1,3,none,pan,29483653,GOBP_REGULATORY_T_CELL_DIFFERENTIATION
IMMPRINT_REGULATORY_RESPONSE,EBI3,3,none,pan,18033300;17874423,
IMMPRINT_REGULATORY_RESPONSE,LRRC32,3,none,pan,19651619,GOBP_NEGATIVE_REGULATION_OF_LYMPHOCYTE_ACTIVATION
IMMPRINT_REGULATORY_RESPONSE,TNFRSF18,1,none,pan,11869690,HALLMARK_IL2_STAT5_SIGNALING
IMMPRINT_REGULATORY_RESPONSE,ENTPD1,3,none,pan,17502665;17449799,
IMMPRINT_REGULATORY_RESPONSE,NT5E,3,none,pan,17502665,HALLMARK_IL2_STAT5_SIGNALING
IMMPRINT_REGULATORY_RESPONSE,TIGIT,1,none,pan,24745333,GOBP_NEGATIVE_REGULATION_OF_LYMPHOCYTE_ACTIVATION
IMMPRINT_REGULATORY_RESPONSE,LAG3,1,none,pan,15485628,GOBP_REGULATORY_T_CELL_DIFFERENTIATION
IMMPRINT_RLR_SIGNALLING,DDX58,1,none,pan,15208624;25620203,
IMMPRINT_RLR_SIGNALLING,IFIH1,1,none,pan,28716935,REACTOME_DDX58_IFIH1_MEDIATED_INDUCTION_OF_INTERFERON_ALPHA_BETA
IMMPRINT_RLR_SIGNALLING,DHX58,1,none,pan,16116171,REACTOME_DDX58_IFIH1_MEDIATED_INDUCTION_OF_INTERFERON_ALPHA_BETA
IMMPRINT_RLR_SIGNALLING,MAVS,2,none,pan,16125763,REACTOME_DDX58_IFIH1_MEDIATED_INDUCTION_OF_INTERFERON_ALPHA_BETA
IMMPRINT_RLR_SIGNALLING,TBK1,2,none,pan,12692549,REACTOME_DDX58_IFIH1_MEDIATED_INDUCTION_OF_INTERFERON_ALPHA_BETA
IMMPRINT_RLR_SIGNALLING,IKBKE,2,none,pan,12692549,REACTOME_DDX58_IFIH1_MEDIATED_INDUCTION_OF_INTERFERON_ALPHA_BETA
IMMPRINT_RLR_SIGNALLING,IRF3,2,none,pan,9463386,REACTOME_DDX58_IFIH1_MEDIATED_INDUCTION_OF_INTERFERON_ALPHA_BETA
IMMPRINT_RLR_SIGNALLING,IRF7,2,none,pan,25814066,REACTOME_DDX58_IFIH1_MEDIATED_INDUCTION_OF_INTERFERON_ALPHA_BETA
IMMPRINT_RLR_SIGNALLING,NFKB1,2,none,pan,2495183,REACTOME_DDX58_IFIH1_MEDIATED_INDUCTION_OF_INTERFERON_ALPHA_BETA
IMMPRINT_RLR_SIGNALLING,RELA,2,none,pan,2495183,REACTOME_DDX58_IFIH1_MEDIATED_INDUCTION_OF_INTERFERON_ALPHA_BETA
IMMPRINT_RLR_SIGNALLING,TRAF3,2,none,pan,16858409,REACTOME_DDX58_IFIH1_MEDIATED_INDUCTION_OF_INTERFERON_ALPHA_BETA
IMMPRINT_RLR_SIGNALLING,IFNB1,3,none,pan,15208624,REACTOME_DDX58_IFIH1_MEDIATED_INDUCTION_OF_INTERFERON_ALPHA_BETA
IMMPRINT_RLR_SIGNALLING,IFNA1,3,none,pan,16039576,REACTOME_DDX58_IFIH1_MEDIATED_INDUCTION_OF_INTERFERON_ALPHA_BETA
IMMPRINT_RLR_SIGNALLING,CXCL10,3,none,pan,24701034,
IMMPRINT_TCR_SIGNALLING,CD3D,1,none,T cell,6095101,REACTOME_TCR_SIGNALING
IMMPRINT_TCR_SIGNALLING,CD3E,1,none,T cell,3012357,REACTOME_TCR_SIGNALING
IMMPRINT_TCR_SIGNALLING,CD3G,1,none,T cell,2944745,REACTOME_TCR_SIGNALING
IMMPRINT_TCR_SIGNALLING,CD247,1,none,T cell,16672702,REACTOME_TCR_SIGNALING
IMMPRINT_TCR_SIGNALLING,LCK,2,none,T cell,1505025,REACTOME_TCR_SIGNALING
IMMPRINT_TCR_SIGNALLING,FYN,2,none,T cell,1516132,REACTOME_FC_EPSILON_RECEPTOR_FCERI_SIGNALING
IMMPRINT_TCR_SIGNALLING,ZAP70,2,none,T cell,1423621,REACTOME_TCR_SIGNALING
IMMPRINT_TCR_SIGNALLING,LAT,2,none,T cell,9489702,REACTOME_TCR_SIGNALING
IMMPRINT_TCR_SIGNALLING,LCP2,2,none,T cell,9665884,REACTOME_TCR_SIGNALING
IMMPRINT_TCR_SIGNALLING,PLCG1,2,none,T cell,1712101,REACTOME_TCR_SIGNALING
IMMPRINT_TCR_SIGNALLING,ITK,2,none,T cell,19425169,REACTOME_TCR_SIGNALING
IMMPRINT_TCR_SIGNALLING,PRKCQ,2,none,T cell,10746729,REACTOME_TCR_SIGNALING
IMMPRINT_TCR_SIGNALLING,CARD11,2,none,T cell,12154360,REACTOME_TCR_SIGNALING
IMMPRINT_TCR_SIGNALLING,BCL10,2,none,T cell,25365219,REACTOME_TCR_SIGNALING
IMMPRINT_TCR_SIGNALLING,MALT1,2,none,T cell,23727036,REACTOME_TCR_SIGNALING
IMMPRINT_TCR_SIGNALLING,NFATC1,2,none,T cell,8202141,REACTOME_FC_EPSILON_RECEPTOR_FCERI_SIGNALING
IMMPRINT_TCR_SIGNALLING,NFKB1,2,none,T cell,8383323,REACTOME_TCR_SIGNALING
IMMPRINT_TCR_SIGNALLING,RELA,2,none,T cell,8383323,REACTOME_TCR_SIGNALING
IMMPRINT_TCR_SIGNALLING,VAV1,2,none,T cell,10077632,REACTOME_FC_EPSILON_RECEPTOR_FCERI_SIGNALING
IMMPRINT_TGFB_SIGNALLING,TGFBR1,1,none,pan,8242743,REACTOME_SIGNALING_BY_TGF_BETA_RECEPTOR_COMPLEX
IMMPRINT_TGFB_SIGNALLING,TGFBR2,1,none,pan,1310899,REACTOME_SIGNALING_BY_TGF_BETA_RECEPTOR_COMPLEX
IMMPRINT_TGFB_SIGNALLING,TGFBR3,1,none,pan,1657406,REACTOME_SIGNALING_BY_TGF_BETA_RECEPTOR_COMPLEX
IMMPRINT_TGFB_SIGNALLING,ACVR1B,1,none,pan,8242742,REACTOME_SIGNALING_BY_TGFB_FAMILY_MEMBERS
IMMPRINT_TGFB_SIGNALLING,ACVR2A,1,none,pan,1646080,REACTOME_SIGNALING_BY_TGFB_FAMILY_MEMBERS
IMMPRINT_TGFB_SIGNALLING,SMAD2,2,none,pan,8752209,REACTOME_SIGNALING_BY_TGF_BETA_RECEPTOR_COMPLEX
IMMPRINT_TGFB_SIGNALLING,SMAD3,2,none,pan,9311995,REACTOME_SIGNALING_BY_TGF_BETA_RECEPTOR_COMPLEX
IMMPRINT_TGFB_SIGNALLING,SMAD4,2,none,pan,8893010,REACTOME_SIGNALING_BY_TGF_BETA_RECEPTOR_COMPLEX
IMMPRINT_TGFB_SIGNALLING,SMAD6,2,inhibitory,pan,9335505,REACTOME_SIGNALING_BY_TGFB_FAMILY_MEMBERS
IMMPRINT_TGFB_SIGNALLING,SMAD7,2,inhibitory,pan,9335507,REACTOME_SIGNALING_BY_TGF_BETA_RECEPTOR_COMPLEX
IMMPRINT_TGFB_SIGNALLING,SKI,2,inhibitory,pan,10485843,REACTOME_SIGNALING_BY_TGF_BETA_RECEPTOR_COMPLEX
IMMPRINT_TGFB_SIGNALLING,SKIL,2,inhibitory,pan,10531062,REACTOME_SIGNALING_BY_TGF_BETA_RECEPTOR_COMPLEX
IMMPRINT_TGFB_SIGNALLING,SERPINE1,3,none,pan,9606191,REACTOME_SIGNALING_BY_TGF_BETA_RECEPTOR_COMPLEX
IMMPRINT_TGFB_SIGNALLING,CCN2,3,none,pan,9052988;12571253,
IMMPRINT_TGFB_SIGNALLING,ZEB1,2,none,pan,17615296;12743039,
IMMPRINT_TISSUE_RESIDENCY,CXCR6,1,none,pan,11238560;31558615,
IMMPRINT_TISSUE_RESIDENCY,ITGAE,3,none,pan,24162776;10352281,
IMMPRINT_TISSUE_RESIDENCY,CD69,3,none,pan,16525420;20463015,
IMMPRINT_TISSUE_RESIDENCY,ITGA1,3,none,pan,14975239;28214226,
IMMPRINT_TISSUE_RESIDENCY,PRDM1,2,none,pan,27102484;30899267,
IMMPRINT_TISSUE_RESIDENCY,ZNF683,2,none,pan,27102484;35389518,
IMMPRINT_TISSUE_RESIDENCY,RUNX3,2,none,pan,29211713;37269830,
IMMPRINT_TISSUE_RESIDENCY,AHR,2,none,pan,21999944;36640340,
IMMPRINT_TISSUE_RESIDENCY,NOTCH1,1,none,pan,27776108;31071093,
IMMPRINT_TISSUE_RESIDENCY,RBPJ,2,none,pan,27776108;31071093,
IMMPRINT_TLR_SIGNALLING,TLR1,1,none,pan,12077222,REACTOME_TOLL_LIKE_RECEPTOR_CASCADES
IMMPRINT_TLR_SIGNALLING,TLR2,1,none,pan,10549626,REACTOME_TOLL_LIKE_RECEPTOR_CASCADES
IMMPRINT_TLR_SIGNALLING,TLR3,1,none,pan,11607032,REACTOME_TOLL_LIKE_RECEPTOR_CASCADES
IMMPRINT_TLR_SIGNALLING,TLR4,1,none,pan,10835634,REACTOME_TOLL_LIKE_RECEPTOR_CASCADES
IMMPRINT_TLR_SIGNALLING,TLR5,1,none,pan,11323673,REACTOME_TOLL_LIKE_RECEPTOR_CASCADES
IMMPRINT_TLR_SIGNALLING,TLR6,1,none,pan,11431423,REACTOME_TOLL_LIKE_RECEPTOR_CASCADES
IMMPRINT_TLR_SIGNALLING,TLR7,1,none,pan,34413140,REACTOME_TOLL_LIKE_RECEPTOR_CASCADES
IMMPRINT_TLR_SIGNALLING,TLR8,1,none,pan,14976262,REACTOME_TOLL_LIKE_RECEPTOR_CASCADES
IMMPRINT_TLR_SIGNALLING,TLR9,1,none,pan,11130078,REACTOME_TOLL_LIKE_RECEPTOR_CASCADES
IMMPRINT_TLR_SIGNALLING,MYD88,2,none,pan,9734363,REACTOME_TOLL_LIKE_RECEPTOR_CASCADES
IMMPRINT_TLR_SIGNALLING,TICAM1,2,none,pan,12539043,REACTOME_TOLL_LIKE_RECEPTOR_CASCADES
IMMPRINT_TLR_SIGNALLING,TIRAP,2,none,pan,11526399,REACTOME_TOLL_LIKE_RECEPTOR_CASCADES
IMMPRINT_TLR_SIGNALLING,TICAM2,2,none,pan,14519765,REACTOME_TOLL_LIKE_RECEPTOR_CASCADES
IMMPRINT_TLR_SIGNALLING,IRAK1,2,none,pan,8599092,REACTOME_TOLL_LIKE_RECEPTOR_CASCADES
IMMPRINT_TLR_SIGNALLING,IRAK4,2,none,pan,12637671,REACTOME_TOLL_LIKE_RECEPTOR_CASCADES
IMMPRINT_TLR_SIGNALLING,TRAF6,2,none,pan,8837778,REACTOME_TOLL_LIKE_RECEPTOR_CASCADES
IMMPRINT_TLR_SIGNALLING,TBK1,2,none,pan,22851595,REACTOME_TOLL_LIKE_RECEPTOR_CASCADES
IMMPRINT_TLR_SIGNALLING,IKBKE,2,none,pan,15210742,REACTOME_TOLL_LIKE_RECEPTOR_CASCADES
IMMPRINT_TLR_SIGNALLING,IRF3,2,none,pan,26216125,REACTOME_TOLL_LIKE_RECEPTOR_CASCADES
IMMPRINT_TLR_SIGNALLING,IRF7,2,none,pan,15361868,REACTOME_TOLL_LIKE_RECEPTOR_CASCADES
IMMPRINT_TLR_SIGNALLING,NFKB1,2,none,pan,9237759,REACTOME_TOLL_LIKE_RECEPTOR_CASCADES
IMMPRINT_TLR_SIGNALLING,RELA,2,none,pan,9237759,REACTOME_TOLL_LIKE_RECEPTOR_CASCADES
IMMPRINT_TLR_SIGNALLING,TNF,3,none,pan,10201887,
IMMPRINT_TLR_SIGNALLING,IL6,3,none,pan,10201887,
IMMPRINT_TLR_SIGNALLING,IFNB1,3,none,pan,12354379,
IMMPRINT_TLR_SIGNALLING,CXCL10,3,none,pan,12354379,
IMMPRINT_TNF_SIGNALLING,TNFRSF1A,1,none,pan,10626900,REACTOME_TNF_SIGNALING
IMMPRINT_TNF_SIGNALLING,TNFRSF1B,1,none,pan,10626900,GOBP_TUMOR_NECROSIS_FACTOR_MEDIATED_SIGNALING_PATHWAY
IMMPRINT_TNF_SIGNALLING,TRADD,2,none,pan,7758105,REACTOME_TNF_SIGNALING
IMMPRINT_TNF_SIGNALLING,TRAF2,2,none,pan,8069916,REACTOME_TNF_SIGNALING
IMMPRINT_TNF_SIGNALLING,TRAF5,2,none,pan,11479302,GOBP_TUMOR_NECROSIS_FACTOR_MEDIATED_SIGNALING_PATHWAY
IMMPRINT_TNF_SIGNALLING,RIPK1,2,none,pan,8612133,REACTOME_TNF_SIGNALING
IMMPRINT_TNF_SIGNALLING,FADD,2,none,pan,8565075,REACTOME_TNF_SIGNALING
IMMPRINT_TNF_SIGNALLING,NFKB1,2,none,pan,2494664,GOBP_TUMOR_NECROSIS_FACTOR_MEDIATED_SIGNALING_PATHWAY
IMMPRINT_TNF_SIGNALLING,RELA,2,none,pan,2494664,GOBP_TUMOR_NECROSIS_FACTOR_MEDIATED_SIGNALING_PATHWAY
IMMPRINT_TNF_SIGNALLING,CHUK,2,none,pan,9346484,REACTOME_TNF_SIGNALING
IMMPRINT_TNF_SIGNALLING,IKBKB,2,none,pan,9346485,REACTOME_TNF_SIGNALING
IMMPRINT_TNF_SIGNALLING,IKBKG,2,none,pan,9751060,REACTOME_TNF_SIGNALING
IMMPRINT_TNF_SIGNALLING,CASP8,2,none,pan,8681376,REACTOME_TNF_SIGNALING
IMMPRINT_TNF_SIGNALLING,BIRC2,2,none,pan,8548810,REACTOME_TNF_SIGNALING
IMMPRINT_TNF_SIGNALLING,BIRC3,2,none,pan,8548810,REACTOME_TNF_SIGNALING
IMMPRINT_TNF_SIGNALLING,CCL2,3,none,pan,18656701,
IMMPRINT_TNF_SIGNALLING,VCAM1,3,none,Endothelial,7541294,
IMMPRINT_TNF_SIGNALLING,CXCL8,3,none,pan,8166294,
IMMPRINT_TNF_SIGNALLING,IL6,3,none,pan,8034659,
IMMPRINT_TYPE17_RESPONSE,RORC,2,none,pan,26160376,GOBP_T_HELPER_17_CELL_DIFFERENTIATION
IMMPRINT_TYPE17_RESPONSE,RORA,2,none,pan,18164222,GOBP_T_HELPER_17_CELL_DIFFERENTIATION
IMMPRINT_TYPE17_RESPONSE,STAT3,2,none,pan,17676033,GOBP_T_HELPER_17_CELL_DIFFERENTIATION
IMMPRINT_TYPE17_RESPONSE,IRF4,2,none,pan,17676043,GOBP_T_HELPER_17_CELL_DIFFERENTIATION
IMMPRINT_TYPE17_RESPONSE,BATF,2,none,pan,19578362,GOBP_T_HELPER_17_CELL_DIFFERENTIATION
IMMPRINT_TYPE17_RESPONSE,AHR,2,none,pan,18362914;18607004,
IMMPRINT_TYPE17_RESPONSE,IL17A,3,none,pan,16200068,GOBP_PRODUCTION_OF_MOLECULAR_MEDIATOR_OF_IMMUNE_RESPONSE
IMMPRINT_TYPE17_RESPONSE,IL17F,3,none,pan,21350122,GOBP_PRODUCTION_OF_MOLECULAR_MEDIATOR_OF_IMMUNE_RESPONSE
IMMPRINT_TYPE17_RESPONSE,IL22,3,none,pan,16982811;15308104,
IMMPRINT_TYPE17_RESPONSE,IL26,3,none,pan,17676044;23055831,
IMMPRINT_TYPE17_RESPONSE,IL21,3,none,pan,17581589,GOBP_PRODUCTION_OF_MOLECULAR_MEDIATOR_OF_IMMUNE_RESPONSE
IMMPRINT_TYPE17_RESPONSE,IL23R,1,none,pan,12023369,GOBP_T_HELPER_17_CELL_DIFFERENTIATION
IMMPRINT_TYPE17_RESPONSE,IL12RB1,1,none,pan,12023369,GOBP_T_HELPER_17_CELL_DIFFERENTIATION
IMMPRINT_TYPE17_RESPONSE,IL1R1,1,none,pan,19362022,GOBP_PRODUCTION_OF_MOLECULAR_MEDIATOR_OF_IMMUNE_RESPONSE
IMMPRINT_TYPE17_RESPONSE,CCR6,1,none,pan,17486092,GOBP_PRODUCTION_OF_MOLECULAR_MEDIATOR_OF_IMMUNE_RESPONSE
IMMPRINT_TYPE1_RESPONSE,TBX21,2,none,pan,10761931,GOBP_T_HELPER_1_CELL_DIFFERENTIATION
IMMPRINT_TYPE1_RESPONSE,STAT1,2,none,pan,11452125,REACTOME_DIFFERENTIATION_OF_NAIVE_CD_T_CELLS_TO_T_HELPER_1_CELLS_TH1_CELLS
IMMPRINT_TYPE1_RESPONSE,STAT4,2,none,pan,8700209,GOBP_T_HELPER_1_CELL_DIFFERENTIATION
IMMPRINT_TYPE1_RESPONSE,RUNX3,2,none,pan,17195845,REACTOME_DIFFERENTIATION_OF_NAIVE_CD_T_CELLS_TO_T_HELPER_1_CELLS_TH1_CELLS
IMMPRINT_TYPE1_RESPONSE,EOMES,2,none,pan,14605368;16273099,
IMMPRINT_TYPE1_RESPONSE,IFNG,3,none,pan,2960769,REACTOME_DIFFERENTIATION_OF_NAIVE_CD_T_CELLS_TO_T_HELPER_1_CELLS_TH1_CELLS
IMMPRINT_TYPE1_RESPONSE,TNF,3,none,pan,6392892,REACTOME_DIFFERENTIATION_OF_NAIVE_CD_T_CELLS_TO_T_HELPER_1_CELLS_TH1_CELLS
IMMPRINT_TYPE1_RESPONSE,LTA,3,none,pan,6334807,
IMMPRINT_TYPE1_RESPONSE,IL12RB1,1,none,pan,8943050,HALLMARK_ALLOGRAFT_REJECTION
IMMPRINT_TYPE1_RESPONSE,IL12RB2,1,none,pan,9120388,REACTOME_DIFFERENTIATION_OF_NAIVE_CD_T_CELLS_TO_T_HELPER_1_CELLS_TH1_CELLS
IMMPRINT_TYPE1_RESPONSE,IL18R1,1,none,pan,9782125,GOBP_T_HELPER_1_CELL_DIFFERENTIATION
IMMPRINT_TYPE1_RESPONSE,IL18RAP,1,none,pan,9792649,GOBP_T_HELPER_1_CELL_DIFFERENTIATION
IMMPRINT_TYPE1_RESPONSE,CXCR3,1,none,pan,9419219,REACTOME_DIFFERENTIATION_OF_NAIVE_CD_T_CELLS_TO_T_HELPER_1_CELLS_TH1_CELLS
IMMPRINT_TYPE1_RESPONSE,CCR5,1,none,pan,9419219,HALLMARK_ALLOGRAFT_REJECTION
IMMPRINT_TYPE2_RESPONSE,GATA3,2,none,pan,9261181,GOBP_T_HELPER_2_CELL_DIFFERENTIATION
IMMPRINT_TYPE2_RESPONSE,STAT6,2,none,pan,36884218,REACTOME_INTERLEUKIN_4_AND_INTERLEUKIN_13_SIGNALING
IMMPRINT_TYPE2_RESPONSE,IRF4,2,none,pan,11956291,REACTOME_INTERLEUKIN_4_AND_INTERLEUKIN_13_SIGNALING
IMMPRINT_TYPE2_RESPONSE,IL4,3,none,pan,8384701,REACTOME_INTERLEUKIN_4_AND_INTERLEUKIN_13_SIGNALING
IMMPRINT_TYPE2_RESPONSE,IL5,3,none,pan,2960769;2230651,
IMMPRINT_TYPE2_RESPONSE,IL13,3,none,pan,9768762,REACTOME_INTERLEUKIN_4_AND_INTERLEUKIN_13_SIGNALING
IMMPRINT_TYPE2_RESPONSE,IL9,3,none,pan,7930607,GOBP_INTERLEUKIN_5_PRODUCTION
IMMPRINT_TYPE2_RESPONSE,IL31,3,none,pan,15184896;16461142,
IMMPRINT_TYPE2_RESPONSE,IL4R,1,none,pan,2805066,REACTOME_INTERLEUKIN_4_AND_INTERLEUKIN_13_SIGNALING
IMMPRINT_TYPE2_RESPONSE,IL13RA1,1,none,pan,8552669,REACTOME_INTERLEUKIN_4_AND_INTERLEUKIN_13_SIGNALING
IMMPRINT_TYPE2_RESPONSE,IL1RL1,1,none,pan,9480988,GOBP_INTERLEUKIN_5_PRODUCTION
IMMPRINT_TYPE2_RESPONSE,IL17RB,1,none,pan,17562814,GOBP_INTERLEUKIN_5_PRODUCTION
IMMPRINT_TYPE2_RESPONSE,CCR4,1,none,pan,9820476;10050676,
IMMPRINT_TYPE2_RESPONSE,CCR8,1,none,pan,9820476;9670926,
IMMPRINT_TYPE2_RESPONSE,PTGDR2,1,none,pan,11208866;10518017,
IMMPRINT_WNT_SIGNALLING,FZD1,1,none,pan,8717036,REACTOME_SIGNALING_BY_WNT
IMMPRINT_WNT_SIGNALLING,FZD2,1,none,pan,8717036,REACTOME_SIGNALING_BY_WNT
IMMPRINT_WNT_SIGNALLING,FZD7,1,none,pan,8717036,REACTOME_SIGNALING_BY_WNT
IMMPRINT_WNT_SIGNALLING,LRP5,1,none,pan,11719191,REACTOME_SIGNALING_BY_WNT
IMMPRINT_WNT_SIGNALLING,LRP6,1,none,pan,11029007,REACTOME_SIGNALING_BY_WNT
IMMPRINT_WNT_SIGNALLING,DVL1,2,none,pan,25817016,REACTOME_SIGNALING_BY_WNT
IMMPRINT_WNT_SIGNALLING,DVL2,2,none,pan,8288125,REACTOME_SIGNALING_BY_WNT
IMMPRINT_WNT_SIGNALLING,DVL3,2,none,pan,26924530,REACTOME_SIGNALING_BY_WNT
IMMPRINT_WNT_SIGNALLING,APC,2,inhibitory,pan,8259518,REACTOME_SIGNALING_BY_WNT
IMMPRINT_WNT_SIGNALLING,AXIN1,2,inhibitory,pan,9230313,REACTOME_SIGNALING_BY_WNT
IMMPRINT_WNT_SIGNALLING,AXIN2,2,inhibitory,pan,11809808,REACTOME_SIGNALING_BY_WNT
IMMPRINT_WNT_SIGNALLING,CTNNB1,2,none,pan,9065402,REACTOME_SIGNALING_BY_WNT
IMMPRINT_WNT_SIGNALLING,GSK3B,2,inhibitory,pan,12554650,REACTOME_SIGNALING_BY_WNT
IMMPRINT_WNT_SIGNALLING,CSNK1A1,2,inhibitory,pan,11955436,REACTOME_SIGNALING_BY_WNT
IMMPRINT_WNT_SIGNALLING,TCF7,2,none,pan,10489374,REACTOME_SIGNALING_BY_WNT
IMMPRINT_WNT_SIGNALLING,TCF7L2,2,none,pan,9065401,REACTOME_SIGNALING_BY_WNT
IMMPRINT_WNT_SIGNALLING,LEF1,2,none,pan,2010090,REACTOME_SIGNALING_BY_WNT
IMMPRINT_WNT_SIGNALLING,CCND1,3,none,pan,10201372;10318916,
IMMPRINT_CSF2_SIGNALLING,CSF2RA,1,none,pan,2555171,REACTOME_INTERLEUKIN_3_INTERLEUKIN_5_AND_GM_CSF_SIGNALING
IMMPRINT_CSF2_SIGNALLING,CSF2RB,1,none,pan,1702217,REACTOME_INTERLEUKIN_3_INTERLEUKIN_5_AND_GM_CSF_SIGNALING
IMMPRINT_CSF2_SIGNALLING,JAK2,2,none,pan,8007942,REACTOME_INTERLEUKIN_3_INTERLEUKIN_5_AND_GM_CSF_SIGNALING
IMMPRINT_CSF2_SIGNALLING,STAT5A,2,none,pan,11867689,REACTOME_INTERLEUKIN_3_INTERLEUKIN_5_AND_GM_CSF_SIGNALING
IMMPRINT_CSF2_SIGNALLING,STAT5B,2,none,pan,11867689,REACTOME_INTERLEUKIN_3_INTERLEUKIN_5_AND_GM_CSF_SIGNALING
IMMPRINT_CSF2_SIGNALLING,PTPN11,2,context_dependent,pan,7522233,REACTOME_INTERLEUKIN_3_INTERLEUKIN_5_AND_GM_CSF_SIGNALING
IMMPRINT_CSF2_SIGNALLING,PIK3R1,2,none,pan,12429725,REACTOME_INTERLEUKIN_3_INTERLEUKIN_5_AND_GM_CSF_SIGNALING
IMMPRINT_CSF2_SIGNALLING,AKT1,2,none,pan,15259023;20173116,
IMMPRINT_CSF2_SIGNALLING,CISH,2,inhibitory,pan,11867689,HALLMARK_IL2_STAT5_SIGNALING
IMMPRINT_CSF2_SIGNALLING,PIM1,2,none,pan,1314369,HALLMARK_IL2_STAT5_SIGNALING
IMMPRINT_CSF2_SIGNALLING,CCL17,3,none,pan,27525438,
IMMPRINT_IL17_SIGNALLING,S100A7,3,none,Epithelial,18684158,
IMMPRINT_IL17_SIGNALLING,CCL20,3,none,Epithelial; Fibroblast,19295614,
IMMPRINT_IL17_SIGNALLING,LCN2,3,none,Epithelial,21085185,
IMMPRINT_IL17_SIGNALLING,IL6,3,none,pan,8676080,
IMMPRINT_IL17_SIGNALLING,CSF3,3,none,pan,8676080,
IMMPRINT_IFNG_SIGNALLING,FCGR1A,3,none,Monocyte/Macrophage,6192145,
IMMPRINT_IFNG_SIGNALLING,IL12B,3,none,Monocyte/Macrophage,8551218,
IMMPRINT_IFNG_SIGNALLING,CYBB,3,none,Monocyte/Macrophage,15067074,
IMMPRINT_TNF_SIGNALLING,ICAM1,3,none,pan,3091693,
IMMPRINT_TNF_SIGNALLING,SELE,3,none,Endothelial,2827173,
IMMPRINT_TNF_SIGNALLING,MMP1,3,none,Fibroblast,2999289,
IMMPRINT_TNF_SIGNALLING,MMP3,3,none,Fibroblast,1698773,
IMMPRINT_IL4_IL13_SIGNALLING,MRC1,3,none,Monocyte/Macrophage,9120298,
IMMPRINT_IL4_IL13_SIGNALLING,FCER2,3,none,B cell; Monocyte/Macrophage,2965737,
IMMPRINT_IL4_IL13_SIGNALLING,MUC5AC,3,none,Epithelial,21275604,
IMMPRINT_IL4_IL13_SIGNALLING,CLCA1,3,none,Epithelial,21275604,
IMMPRINT_IL4_IL13_SIGNALLING,IGHE,3,none,B cell,1695667,
IMMPRINT_IL6_SIGNALLING,IL21,3,none,T cell,22491065,
IMMPRINT_TGFB_SIGNALLING,FOXP3,3,none,T cell,14676299,
IMMPRINT_TGFB_SIGNALLING,IGHA1,3,none,B cell,2339132,
IMMPRINT_TGFB_SIGNALLING,ACTA2,3,none,Fibroblast,8314838,
IMMPRINT_TGFB_SIGNALLING,FN1,3,none,Epithelial; Fibroblast,3456347,
IMMPRINT_TGFB_SIGNALLING,SNAI1,3,none,Epithelial,24126595,
IMMPRINT_TGFB_SIGNALLING,VIM,3,none,Epithelial,24126595,
IMMPRINT_IL10_SIGNALLING,CD163,3,none,Monocyte/Macrophage,10648003,
IMMPRINT_IL10_SIGNALLING,TIMP1,3,none,Monocyte/Macrophage,7593617,
IMMPRINT_IL10_SIGNALLING,NFIL3,3,none,Monocyte/Macrophage,21566115,
IMMPRINT_TNF_SIGNALLING,CX3CL1,3,none,Endothelial,15111313,
IMMPRINT_TNF_SIGNALLING,F3,3,none,Endothelial,2718149,
IMMPRINT_TNF_SIGNALLING,MMP14,3,none,Fibroblast,11112697,
IMMPRINT_TNF_SIGNALLING,TNFAIP3,2,inhibitory,pan,8692885,
IMMPRINT_TNF_SIGNALLING,NFKBIA,2,inhibitory,pan,7796813,
IMMPRINT_IL4_IL13_SIGNALLING,CCL18,3,none,Monocyte/Macrophage,37949903,
IMMPRINT_IL4_IL13_SIGNALLING,ALOX15,3,none,Monocyte/Macrophage,1729692,
IMMPRINT_IL4_IL13_SIGNALLING,TGM2,3,none,Monocyte/Macrophage,32032932,
IMMPRINT_IL4_IL13_SIGNALLING,IGHG4,3,none,B cell,8097323,
IMMPRINT_IL4_IL13_SIGNALLING,IL4I1,3,none,B cell,12031486,
IMMPRINT_IL4_IL13_SIGNALLING,POSTN,3,none,Epithelial,17898169,
IMMPRINT_IL4_IL13_SIGNALLING,SERPINB2,3,none,Epithelial,17898169,
IMMPRINT_IL4_IL13_SIGNALLING,CAPN14,3,none,Epithelial,27158675,
IMMPRINT_IL4_IL13_SIGNALLING,GATA3,2,none,pan,20620947,
IMMPRINT_IL6_SIGNALLING,BCL6,3,none,T cell,22491065,
IMMPRINT_IL6_SIGNALLING,ICOS,3,none,T cell,23923047,
IMMPRINT_TGFB_SIGNALLING,ITGAE,3,none,T cell,24477908,
IMMPRINT_TGFB_SIGNALLING,COL1A1,3,none,Fibroblast,3501287,
IMMPRINT_TGFB_SIGNALLING,COL3A1,3,none,Fibroblast,3501287,
IMMPRINT_TGFB_SIGNALLING,POSTN,3,none,Fibroblast,30186543,
IMMPRINT_TGFB_SIGNALLING,TAGLN,3,none,Fibroblast,30413733,
IMMPRINT_TGFB_SIGNALLING,SNAI2,3,none,Epithelial,21169525,
IMMPRINT_TGFB_SIGNALLING,CDH2,3,none,Epithelial,21169525,
IMMPRINT_IL10_SIGNALLING,FCGR3A,3,none,Monocyte/Macrophage,8734788,
IMMPRINT_IL17_SIGNALLING,CXCL1,3,none,pan,26839464,
IMMPRINT_TGFB_SIGNALLING,IGHA2,3,none,B cell,1760405,
IMMPRINT_IL10_SIGNALLING,MERTK,3,none,Monocyte/Macrophage,22942426,
IMMPRINT_IL1_SIGNALLING,CXCL8,3,none,pan,2478449,
IMMPRINT_IL1_SIGNALLING,CCL2,3,none,pan,2182712,
IMMPRINT_IL1_SIGNALLING,IL6,3,none,pan,3493322,
IMMPRINT_IL17_SIGNALLING,S100A8,3,none,pan,16982811,
IMMPRINT_IL2_SIGNALLING,CSF2,3,none,pan,24944195,
IMMPRINT_IL12_SIGNALLING,CSF2,3,none,pan,24944195,
